2025-08-16 10:53:38 [restartedMain] INFO  c.U.UsdtWallet.UsdtWalletApplication - Starting UsdtWalletApplication using Java 24.0.1 with PID 4112 (C:\Users\Admin\Desktop\cripto-project\UsdtWallet\target\classes started by Admin in C:\Users\Admin\Desktop\cripto-project\UsdtWallet)
2025-08-16 10:53:38 [restartedMain] DEBUG c.U.UsdtWallet.UsdtWalletApplication - Running with Spring Boot v3.5.4, Spring v6.2.9
2025-08-16 10:53:38 [restartedMain] INFO  c.U.UsdtWallet.UsdtWalletApplication - The following 1 profile is active: "dev"
2025-08-16 10:53:38 [restartedMain] INFO  o.s.b.d.e.DevToolsPropertyDefaultsPostProcessor - Devtools property defaults active! Set 'spring.devtools.add-properties' to 'false' to disable
2025-08-16 10:53:38 [restartedMain] INFO  o.s.b.d.e.DevToolsPropertyDefaultsPostProcessor - For additional web related logging consider setting the 'logging.level.web' property to 'DEBUG'
2025-08-16 10:53:39 [restartedMain] INFO  o.s.d.r.c.RepositoryConfigurationDelegate - Bootstrapping Spring Data JPA repositories in DEFAULT mode.
2025-08-16 10:53:39 [restartedMain] INFO  o.s.d.r.c.RepositoryConfigurationDelegate - Finished Spring Data repository scanning in 23 ms. Found 1 JPA repository interface.
2025-08-16 10:53:39 [restartedMain] INFO  o.s.b.w.e.tomcat.TomcatWebServer - Tomcat initialized with port 8080 (http)
2025-08-16 10:53:39 [restartedMain] INFO  o.a.catalina.core.StandardService - Starting service [Tomcat]
2025-08-16 10:53:39 [restartedMain] INFO  o.a.catalina.core.StandardEngine - Starting Servlet engine: [Apache Tomcat/10.1.43]
2025-08-16 10:53:39 [restartedMain] INFO  o.a.c.c.C.[Tomcat].[localhost].[/] - Initializing Spring embedded WebApplicationContext
2025-08-16 10:53:39 [restartedMain] INFO  o.s.b.w.s.c.ServletWebServerApplicationContext - Root WebApplicationContext: initialization completed in 1184 ms
2025-08-16 10:53:39 [restartedMain] ERROR o.s.b.w.e.tomcat.TomcatStarter - Error starting Tomcat context. Exception: org.springframework.beans.factory.UnsatisfiedDependencyException. Message: Error creating bean with name 'jwtAuthenticationFilter': Unsatisfied dependency expressed through field 'tokenProvider': Error creating bean with name 'jwtTokenProvider': Injection of autowired dependencies failed
2025-08-16 10:53:39 [restartedMain] INFO  o.a.catalina.core.StandardService - Stopping service [Tomcat]
2025-08-16 10:53:39 [restartedMain] WARN  o.s.b.w.s.c.AnnotationConfigServletWebServerApplicationContext - Exception encountered during context initialization - cancelling refresh attempt: org.springframework.context.ApplicationContextException: Unable to start web server
2025-08-16 10:53:39 [restartedMain] INFO  o.s.b.a.l.ConditionEvaluationReportLogger - 

Error starting ApplicationContext. To display the condition evaluation report re-run your application with 'debug' enabled.
2025-08-16 10:53:39 [restartedMain] ERROR o.s.boot.SpringApplication - Application run failed
org.springframework.context.ApplicationContextException: Unable to start web server
	at org.springframework.boot.web.servlet.context.ServletWebServerApplicationContext.onRefresh(ServletWebServerApplicationContext.java:170)
	at org.springframework.context.support.AbstractApplicationContext.refresh(AbstractApplicationContext.java:621)
	at org.springframework.boot.web.servlet.context.ServletWebServerApplicationContext.refresh(ServletWebServerApplicationContext.java:146)
	at org.springframework.boot.SpringApplication.refresh(SpringApplication.java:752)
	at org.springframework.boot.SpringApplication.refreshContext(SpringApplication.java:439)
	at org.springframework.boot.SpringApplication.run(SpringApplication.java:318)
	at org.springframework.boot.SpringApplication.run(SpringApplication.java:1361)
	at org.springframework.boot.SpringApplication.run(SpringApplication.java:1350)
	at com.UsdtWallet.UsdtWallet.UsdtWalletApplication.main(UsdtWalletApplication.java:10)
	at java.base/jdk.internal.reflect.DirectMethodHandleAccessor.invoke(DirectMethodHandleAccessor.java:104)
	at java.base/java.lang.reflect.Method.invoke(Method.java:565)
	at org.springframework.boot.devtools.restart.RestartLauncher.run(RestartLauncher.java:50)
Caused by: org.springframework.boot.web.server.WebServerException: Unable to start embedded Tomcat
	at org.springframework.boot.web.embedded.tomcat.TomcatWebServer.initialize(TomcatWebServer.java:147)
	at org.springframework.boot.web.embedded.tomcat.TomcatWebServer.<init>(TomcatWebServer.java:107)
	at org.springframework.boot.web.embedded.tomcat.TomcatServletWebServerFactory.getTomcatWebServer(TomcatServletWebServerFactory.java:517)
	at org.springframework.boot.web.embedded.tomcat.TomcatServletWebServerFactory.getWebServer(TomcatServletWebServerFactory.java:219)
	at org.springframework.boot.web.servlet.context.ServletWebServerApplicationContext.createWebServer(ServletWebServerApplicationContext.java:193)
	at org.springframework.boot.web.servlet.context.ServletWebServerApplicationContext.onRefresh(ServletWebServerApplicationContext.java:167)
	... 11 common frames omitted
Caused by: org.springframework.beans.factory.UnsatisfiedDependencyException: Error creating bean with name 'jwtAuthenticationFilter': Unsatisfied dependency expressed through field 'tokenProvider': Error creating bean with name 'jwtTokenProvider': Injection of autowired dependencies failed
	at org.springframework.beans.factory.annotation.AutowiredAnnotationBeanPostProcessor$AutowiredFieldElement.resolveFieldValue(AutowiredAnnotationBeanPostProcessor.java:788)
	at org.springframework.beans.factory.annotation.AutowiredAnnotationBeanPostProcessor$AutowiredFieldElement.inject(AutowiredAnnotationBeanPostProcessor.java:768)
	at org.springframework.beans.factory.annotation.InjectionMetadata.inject(InjectionMetadata.java:146)
	at org.springframework.beans.factory.annotation.AutowiredAnnotationBeanPostProcessor.postProcessProperties(AutowiredAnnotationBeanPostProcessor.java:509)
	at org.springframework.beans.factory.support.AbstractAutowireCapableBeanFactory.populateBean(AbstractAutowireCapableBeanFactory.java:1459)
	at org.springframework.beans.factory.support.AbstractAutowireCapableBeanFactory.doCreateBean(AbstractAutowireCapableBeanFactory.java:606)
	at org.springframework.beans.factory.support.AbstractAutowireCapableBeanFactory.createBean(AbstractAutowireCapableBeanFactory.java:529)
	at org.springframework.beans.factory.support.AbstractBeanFactory.lambda$doGetBean$0(AbstractBeanFactory.java:339)
	at org.springframework.beans.factory.support.DefaultSingletonBeanRegistry.getSingleton(DefaultSingletonBeanRegistry.java:373)
	at org.springframework.beans.factory.support.AbstractBeanFactory.doGetBean(AbstractBeanFactory.java:337)
	at org.springframework.beans.factory.support.AbstractBeanFactory.getBean(AbstractBeanFactory.java:207)
	at org.springframework.boot.web.servlet.ServletContextInitializerBeans.getOrderedBeansOfType(ServletContextInitializerBeans.java:230)
	at org.springframework.boot.web.servlet.ServletContextInitializerBeans.addAsRegistrationBean(ServletContextInitializerBeans.java:184)
	at org.springframework.boot.web.servlet.ServletContextInitializerBeans.addAsRegistrationBean(ServletContextInitializerBeans.java:179)
	at org.springframework.boot.web.servlet.ServletContextInitializerBeans.addAdaptableBeans(ServletContextInitializerBeans.java:164)
	at org.springframework.boot.web.servlet.ServletContextInitializerBeans.<init>(ServletContextInitializerBeans.java:96)
	at org.springframework.boot.web.servlet.context.ServletWebServerApplicationContext.getServletContextInitializerBeans(ServletWebServerApplicationContext.java:271)
	at org.springframework.boot.web.servlet.context.ServletWebServerApplicationContext.selfInitialize(ServletWebServerApplicationContext.java:245)
	at org.springframework.boot.web.embedded.tomcat.TomcatStarter.onStartup(TomcatStarter.java:52)
	at org.apache.catalina.core.StandardContext.startInternal(StandardContext.java:4464)
	at org.apache.catalina.util.LifecycleBase.start(LifecycleBase.java:164)
	at org.apache.catalina.core.ContainerBase$StartChild.call(ContainerBase.java:1203)
	at org.apache.catalina.core.ContainerBase$StartChild.call(ContainerBase.java:1193)
	at java.base/java.util.concurrent.FutureTask.run(FutureTask.java:328)
	at org.apache.tomcat.util.threads.InlineExecutorService.execute(InlineExecutorService.java:75)
	at java.base/java.util.concurrent.AbstractExecutorService.submit(AbstractExecutorService.java:148)
	at org.apache.catalina.core.ContainerBase.startInternal(ContainerBase.java:749)
	at org.apache.catalina.core.StandardHost.startInternal(StandardHost.java:772)
	at org.apache.catalina.util.LifecycleBase.start(LifecycleBase.java:164)
	at org.apache.catalina.core.ContainerBase$StartChild.call(ContainerBase.java:1203)
	at org.apache.catalina.core.ContainerBase$StartChild.call(ContainerBase.java:1193)
	at java.base/java.util.concurrent.FutureTask.run(FutureTask.java:328)
	at org.apache.tomcat.util.threads.InlineExecutorService.execute(InlineExecutorService.java:75)
	at java.base/java.util.concurrent.AbstractExecutorService.submit(AbstractExecutorService.java:148)
	at org.apache.catalina.core.ContainerBase.startInternal(ContainerBase.java:749)
	at org.apache.catalina.core.StandardEngine.startInternal(StandardEngine.java:203)
	at org.apache.catalina.util.LifecycleBase.start(LifecycleBase.java:164)
	at org.apache.catalina.core.StandardService.startInternal(StandardService.java:412)
	at org.apache.catalina.util.LifecycleBase.start(LifecycleBase.java:164)
	at org.apache.catalina.core.StandardServer.startInternal(StandardServer.java:870)
	at org.apache.catalina.util.LifecycleBase.start(LifecycleBase.java:164)
	at org.apache.catalina.startup.Tomcat.start(Tomcat.java:438)
	at org.springframework.boot.web.embedded.tomcat.TomcatWebServer.initialize(TomcatWebServer.java:128)
	... 16 common frames omitted
Caused by: org.springframework.beans.factory.BeanCreationException: Error creating bean with name 'jwtTokenProvider': Injection of autowired dependencies failed
	at org.springframework.beans.factory.annotation.AutowiredAnnotationBeanPostProcessor.postProcessProperties(AutowiredAnnotationBeanPostProcessor.java:515)
	at org.springframework.beans.factory.support.AbstractAutowireCapableBeanFactory.populateBean(AbstractAutowireCapableBeanFactory.java:1459)
	at org.springframework.beans.factory.support.AbstractAutowireCapableBeanFactory.doCreateBean(AbstractAutowireCapableBeanFactory.java:606)
	at org.springframework.beans.factory.support.AbstractAutowireCapableBeanFactory.createBean(AbstractAutowireCapableBeanFactory.java:529)
	at org.springframework.beans.factory.support.AbstractBeanFactory.lambda$doGetBean$0(AbstractBeanFactory.java:339)
	at org.springframework.beans.factory.support.DefaultSingletonBeanRegistry.getSingleton(DefaultSingletonBeanRegistry.java:373)
	at org.springframework.beans.factory.support.AbstractBeanFactory.doGetBean(AbstractBeanFactory.java:337)
	at org.springframework.beans.factory.support.AbstractBeanFactory.getBean(AbstractBeanFactory.java:202)
	at org.springframework.beans.factory.config.DependencyDescriptor.resolveCandidate(DependencyDescriptor.java:254)
	at org.springframework.beans.factory.support.DefaultListableBeanFactory.doResolveDependency(DefaultListableBeanFactory.java:1745)
	at org.springframework.beans.factory.support.DefaultListableBeanFactory.resolveDependency(DefaultListableBeanFactory.java:1628)
	at org.springframework.beans.factory.annotation.AutowiredAnnotationBeanPostProcessor$AutowiredFieldElement.resolveFieldValue(AutowiredAnnotationBeanPostProcessor.java:785)
	... 58 common frames omitted
Caused by: org.springframework.util.PlaceholderResolutionException: Could not resolve placeholder 'spring.security.jwt.secret' in value "${spring.security.jwt.secret}"
	at org.springframework.util.PlaceholderResolutionException.withValue(PlaceholderResolutionException.java:81)
	at org.springframework.util.PlaceholderParser$ParsedValue.resolve(PlaceholderParser.java:423)
	at org.springframework.util.PlaceholderParser.replacePlaceholders(PlaceholderParser.java:128)
	at org.springframework.util.PropertyPlaceholderHelper.parseStringValue(PropertyPlaceholderHelper.java:118)
	at org.springframework.util.PropertyPlaceholderHelper.replacePlaceholders(PropertyPlaceholderHelper.java:114)
	at org.springframework.core.env.AbstractPropertyResolver.doResolvePlaceholders(AbstractPropertyResolver.java:293)
	at org.springframework.core.env.AbstractPropertyResolver.resolveRequiredPlaceholders(AbstractPropertyResolver.java:264)
	at org.springframework.context.support.PropertySourcesPlaceholderConfigurer.lambda$processProperties$0(PropertySourcesPlaceholderConfigurer.java:186)
	at org.springframework.beans.factory.support.AbstractBeanFactory.resolveEmbeddedValue(AbstractBeanFactory.java:971)
	at org.springframework.beans.factory.support.DefaultListableBeanFactory.doResolveDependency(DefaultListableBeanFactory.java:1650)
	at org.springframework.beans.factory.support.DefaultListableBeanFactory.resolveDependency(DefaultListableBeanFactory.java:1628)
	at org.springframework.beans.factory.annotation.AutowiredAnnotationBeanPostProcessor$AutowiredFieldElement.resolveFieldValue(AutowiredAnnotationBeanPostProcessor.java:785)
	at org.springframework.beans.factory.annotation.AutowiredAnnotationBeanPostProcessor$AutowiredFieldElement.inject(AutowiredAnnotationBeanPostProcessor.java:768)
	at org.springframework.beans.factory.annotation.InjectionMetadata.inject(InjectionMetadata.java:146)
	at org.springframework.beans.factory.annotation.AutowiredAnnotationBeanPostProcessor.postProcessProperties(AutowiredAnnotationBeanPostProcessor.java:509)
	... 69 common frames omitted
2025-08-16 10:54:09 [restartedMain] INFO  c.U.UsdtWallet.UsdtWalletApplication - Starting UsdtWalletApplication using Java 24.0.1 with PID 18520 (C:\Users\Admin\Desktop\cripto-project\UsdtWallet\target\classes started by Admin in C:\Users\Admin\Desktop\cripto-project\UsdtWallet)
2025-08-16 10:54:09 [restartedMain] DEBUG c.U.UsdtWallet.UsdtWalletApplication - Running with Spring Boot v3.5.4, Spring v6.2.9
2025-08-16 10:54:09 [restartedMain] INFO  c.U.UsdtWallet.UsdtWalletApplication - The following 1 profile is active: "dev"
2025-08-16 10:54:09 [restartedMain] INFO  o.s.b.d.e.DevToolsPropertyDefaultsPostProcessor - Devtools property defaults active! Set 'spring.devtools.add-properties' to 'false' to disable
2025-08-16 10:54:09 [restartedMain] INFO  o.s.b.d.e.DevToolsPropertyDefaultsPostProcessor - For additional web related logging consider setting the 'logging.level.web' property to 'DEBUG'
2025-08-16 10:54:09 [restartedMain] INFO  o.s.d.r.c.RepositoryConfigurationDelegate - Bootstrapping Spring Data JPA repositories in DEFAULT mode.
2025-08-16 10:54:09 [restartedMain] INFO  o.s.d.r.c.RepositoryConfigurationDelegate - Finished Spring Data repository scanning in 22 ms. Found 1 JPA repository interface.
2025-08-16 10:54:10 [restartedMain] INFO  o.s.b.w.e.tomcat.TomcatWebServer - Tomcat initialized with port 8080 (http)
2025-08-16 10:54:10 [restartedMain] INFO  o.a.catalina.core.StandardService - Starting service [Tomcat]
2025-08-16 10:54:10 [restartedMain] INFO  o.a.catalina.core.StandardEngine - Starting Servlet engine: [Apache Tomcat/10.1.43]
2025-08-16 10:54:10 [restartedMain] INFO  o.a.c.c.C.[Tomcat].[localhost].[/] - Initializing Spring embedded WebApplicationContext
2025-08-16 10:54:10 [restartedMain] INFO  o.s.b.w.s.c.ServletWebServerApplicationContext - Root WebApplicationContext: initialization completed in 922 ms
2025-08-16 10:54:10 [restartedMain] ERROR o.s.b.w.e.tomcat.TomcatStarter - Error starting Tomcat context. Exception: org.springframework.beans.factory.UnsatisfiedDependencyException. Message: Error creating bean with name 'jwtAuthenticationFilter': Unsatisfied dependency expressed through field 'tokenProvider': Error creating bean with name 'jwtTokenProvider': Injection of autowired dependencies failed
2025-08-16 10:54:10 [restartedMain] INFO  o.a.catalina.core.StandardService - Stopping service [Tomcat]
2025-08-16 10:54:10 [restartedMain] WARN  o.s.b.w.s.c.AnnotationConfigServletWebServerApplicationContext - Exception encountered during context initialization - cancelling refresh attempt: org.springframework.context.ApplicationContextException: Unable to start web server
2025-08-16 10:54:10 [restartedMain] INFO  o.s.b.a.l.ConditionEvaluationReportLogger - 

Error starting ApplicationContext. To display the condition evaluation report re-run your application with 'debug' enabled.
2025-08-16 10:54:10 [restartedMain] ERROR o.s.boot.SpringApplication - Application run failed
org.springframework.context.ApplicationContextException: Unable to start web server
	at org.springframework.boot.web.servlet.context.ServletWebServerApplicationContext.onRefresh(ServletWebServerApplicationContext.java:170)
	at org.springframework.context.support.AbstractApplicationContext.refresh(AbstractApplicationContext.java:621)
	at org.springframework.boot.web.servlet.context.ServletWebServerApplicationContext.refresh(ServletWebServerApplicationContext.java:146)
	at org.springframework.boot.SpringApplication.refresh(SpringApplication.java:752)
	at org.springframework.boot.SpringApplication.refreshContext(SpringApplication.java:439)
	at org.springframework.boot.SpringApplication.run(SpringApplication.java:318)
	at org.springframework.boot.SpringApplication.run(SpringApplication.java:1361)
	at org.springframework.boot.SpringApplication.run(SpringApplication.java:1350)
	at com.UsdtWallet.UsdtWallet.UsdtWalletApplication.main(UsdtWalletApplication.java:10)
	at java.base/jdk.internal.reflect.DirectMethodHandleAccessor.invoke(DirectMethodHandleAccessor.java:104)
	at java.base/java.lang.reflect.Method.invoke(Method.java:565)
	at org.springframework.boot.devtools.restart.RestartLauncher.run(RestartLauncher.java:50)
Caused by: org.springframework.boot.web.server.WebServerException: Unable to start embedded Tomcat
	at org.springframework.boot.web.embedded.tomcat.TomcatWebServer.initialize(TomcatWebServer.java:147)
	at org.springframework.boot.web.embedded.tomcat.TomcatWebServer.<init>(TomcatWebServer.java:107)
	at org.springframework.boot.web.embedded.tomcat.TomcatServletWebServerFactory.getTomcatWebServer(TomcatServletWebServerFactory.java:517)
	at org.springframework.boot.web.embedded.tomcat.TomcatServletWebServerFactory.getWebServer(TomcatServletWebServerFactory.java:219)
	at org.springframework.boot.web.servlet.context.ServletWebServerApplicationContext.createWebServer(ServletWebServerApplicationContext.java:193)
	at org.springframework.boot.web.servlet.context.ServletWebServerApplicationContext.onRefresh(ServletWebServerApplicationContext.java:167)
	... 11 common frames omitted
Caused by: org.springframework.beans.factory.UnsatisfiedDependencyException: Error creating bean with name 'jwtAuthenticationFilter': Unsatisfied dependency expressed through field 'tokenProvider': Error creating bean with name 'jwtTokenProvider': Injection of autowired dependencies failed
	at org.springframework.beans.factory.annotation.AutowiredAnnotationBeanPostProcessor$AutowiredFieldElement.resolveFieldValue(AutowiredAnnotationBeanPostProcessor.java:788)
	at org.springframework.beans.factory.annotation.AutowiredAnnotationBeanPostProcessor$AutowiredFieldElement.inject(AutowiredAnnotationBeanPostProcessor.java:768)
	at org.springframework.beans.factory.annotation.InjectionMetadata.inject(InjectionMetadata.java:146)
	at org.springframework.beans.factory.annotation.AutowiredAnnotationBeanPostProcessor.postProcessProperties(AutowiredAnnotationBeanPostProcessor.java:509)
	at org.springframework.beans.factory.support.AbstractAutowireCapableBeanFactory.populateBean(AbstractAutowireCapableBeanFactory.java:1459)
	at org.springframework.beans.factory.support.AbstractAutowireCapableBeanFactory.doCreateBean(AbstractAutowireCapableBeanFactory.java:606)
	at org.springframework.beans.factory.support.AbstractAutowireCapableBeanFactory.createBean(AbstractAutowireCapableBeanFactory.java:529)
	at org.springframework.beans.factory.support.AbstractBeanFactory.lambda$doGetBean$0(AbstractBeanFactory.java:339)
	at org.springframework.beans.factory.support.DefaultSingletonBeanRegistry.getSingleton(DefaultSingletonBeanRegistry.java:373)
	at org.springframework.beans.factory.support.AbstractBeanFactory.doGetBean(AbstractBeanFactory.java:337)
	at org.springframework.beans.factory.support.AbstractBeanFactory.getBean(AbstractBeanFactory.java:207)
	at org.springframework.boot.web.servlet.ServletContextInitializerBeans.getOrderedBeansOfType(ServletContextInitializerBeans.java:230)
	at org.springframework.boot.web.servlet.ServletContextInitializerBeans.addAsRegistrationBean(ServletContextInitializerBeans.java:184)
	at org.springframework.boot.web.servlet.ServletContextInitializerBeans.addAsRegistrationBean(ServletContextInitializerBeans.java:179)
	at org.springframework.boot.web.servlet.ServletContextInitializerBeans.addAdaptableBeans(ServletContextInitializerBeans.java:164)
	at org.springframework.boot.web.servlet.ServletContextInitializerBeans.<init>(ServletContextInitializerBeans.java:96)
	at org.springframework.boot.web.servlet.context.ServletWebServerApplicationContext.getServletContextInitializerBeans(ServletWebServerApplicationContext.java:271)
	at org.springframework.boot.web.servlet.context.ServletWebServerApplicationContext.selfInitialize(ServletWebServerApplicationContext.java:245)
	at org.springframework.boot.web.embedded.tomcat.TomcatStarter.onStartup(TomcatStarter.java:52)
	at org.apache.catalina.core.StandardContext.startInternal(StandardContext.java:4464)
	at org.apache.catalina.util.LifecycleBase.start(LifecycleBase.java:164)
	at org.apache.catalina.core.ContainerBase$StartChild.call(ContainerBase.java:1203)
	at org.apache.catalina.core.ContainerBase$StartChild.call(ContainerBase.java:1193)
	at java.base/java.util.concurrent.FutureTask.run(FutureTask.java:328)
	at org.apache.tomcat.util.threads.InlineExecutorService.execute(InlineExecutorService.java:75)
	at java.base/java.util.concurrent.AbstractExecutorService.submit(AbstractExecutorService.java:148)
	at org.apache.catalina.core.ContainerBase.startInternal(ContainerBase.java:749)
	at org.apache.catalina.core.StandardHost.startInternal(StandardHost.java:772)
	at org.apache.catalina.util.LifecycleBase.start(LifecycleBase.java:164)
	at org.apache.catalina.core.ContainerBase$StartChild.call(ContainerBase.java:1203)
	at org.apache.catalina.core.ContainerBase$StartChild.call(ContainerBase.java:1193)
	at java.base/java.util.concurrent.FutureTask.run(FutureTask.java:328)
	at org.apache.tomcat.util.threads.InlineExecutorService.execute(InlineExecutorService.java:75)
	at java.base/java.util.concurrent.AbstractExecutorService.submit(AbstractExecutorService.java:148)
	at org.apache.catalina.core.ContainerBase.startInternal(ContainerBase.java:749)
	at org.apache.catalina.core.StandardEngine.startInternal(StandardEngine.java:203)
	at org.apache.catalina.util.LifecycleBase.start(LifecycleBase.java:164)
	at org.apache.catalina.core.StandardService.startInternal(StandardService.java:412)
	at org.apache.catalina.util.LifecycleBase.start(LifecycleBase.java:164)
	at org.apache.catalina.core.StandardServer.startInternal(StandardServer.java:870)
	at org.apache.catalina.util.LifecycleBase.start(LifecycleBase.java:164)
	at org.apache.catalina.startup.Tomcat.start(Tomcat.java:438)
	at org.springframework.boot.web.embedded.tomcat.TomcatWebServer.initialize(TomcatWebServer.java:128)
	... 16 common frames omitted
Caused by: org.springframework.beans.factory.BeanCreationException: Error creating bean with name 'jwtTokenProvider': Injection of autowired dependencies failed
	at org.springframework.beans.factory.annotation.AutowiredAnnotationBeanPostProcessor.postProcessProperties(AutowiredAnnotationBeanPostProcessor.java:515)
	at org.springframework.beans.factory.support.AbstractAutowireCapableBeanFactory.populateBean(AbstractAutowireCapableBeanFactory.java:1459)
	at org.springframework.beans.factory.support.AbstractAutowireCapableBeanFactory.doCreateBean(AbstractAutowireCapableBeanFactory.java:606)
	at org.springframework.beans.factory.support.AbstractAutowireCapableBeanFactory.createBean(AbstractAutowireCapableBeanFactory.java:529)
	at org.springframework.beans.factory.support.AbstractBeanFactory.lambda$doGetBean$0(AbstractBeanFactory.java:339)
	at org.springframework.beans.factory.support.DefaultSingletonBeanRegistry.getSingleton(DefaultSingletonBeanRegistry.java:373)
	at org.springframework.beans.factory.support.AbstractBeanFactory.doGetBean(AbstractBeanFactory.java:337)
	at org.springframework.beans.factory.support.AbstractBeanFactory.getBean(AbstractBeanFactory.java:202)
	at org.springframework.beans.factory.config.DependencyDescriptor.resolveCandidate(DependencyDescriptor.java:254)
	at org.springframework.beans.factory.support.DefaultListableBeanFactory.doResolveDependency(DefaultListableBeanFactory.java:1745)
	at org.springframework.beans.factory.support.DefaultListableBeanFactory.resolveDependency(DefaultListableBeanFactory.java:1628)
	at org.springframework.beans.factory.annotation.AutowiredAnnotationBeanPostProcessor$AutowiredFieldElement.resolveFieldValue(AutowiredAnnotationBeanPostProcessor.java:785)
	... 58 common frames omitted
Caused by: org.springframework.util.PlaceholderResolutionException: Could not resolve placeholder 'spring.security.jwt.secret' in value "${spring.security.jwt.secret}"
	at org.springframework.util.PlaceholderResolutionException.withValue(PlaceholderResolutionException.java:81)
	at org.springframework.util.PlaceholderParser$ParsedValue.resolve(PlaceholderParser.java:423)
	at org.springframework.util.PlaceholderParser.replacePlaceholders(PlaceholderParser.java:128)
	at org.springframework.util.PropertyPlaceholderHelper.parseStringValue(PropertyPlaceholderHelper.java:118)
	at org.springframework.util.PropertyPlaceholderHelper.replacePlaceholders(PropertyPlaceholderHelper.java:114)
	at org.springframework.core.env.AbstractPropertyResolver.doResolvePlaceholders(AbstractPropertyResolver.java:293)
	at org.springframework.core.env.AbstractPropertyResolver.resolveRequiredPlaceholders(AbstractPropertyResolver.java:264)
	at org.springframework.context.support.PropertySourcesPlaceholderConfigurer.lambda$processProperties$0(PropertySourcesPlaceholderConfigurer.java:186)
	at org.springframework.beans.factory.support.AbstractBeanFactory.resolveEmbeddedValue(AbstractBeanFactory.java:971)
	at org.springframework.beans.factory.support.DefaultListableBeanFactory.doResolveDependency(DefaultListableBeanFactory.java:1650)
	at org.springframework.beans.factory.support.DefaultListableBeanFactory.resolveDependency(DefaultListableBeanFactory.java:1628)
	at org.springframework.beans.factory.annotation.AutowiredAnnotationBeanPostProcessor$AutowiredFieldElement.resolveFieldValue(AutowiredAnnotationBeanPostProcessor.java:785)
	at org.springframework.beans.factory.annotation.AutowiredAnnotationBeanPostProcessor$AutowiredFieldElement.inject(AutowiredAnnotationBeanPostProcessor.java:768)
	at org.springframework.beans.factory.annotation.InjectionMetadata.inject(InjectionMetadata.java:146)
	at org.springframework.beans.factory.annotation.AutowiredAnnotationBeanPostProcessor.postProcessProperties(AutowiredAnnotationBeanPostProcessor.java:509)
	... 69 common frames omitted
2025-08-16 10:54:36 [restartedMain] INFO  c.U.UsdtWallet.UsdtWalletApplication - Starting UsdtWalletApplication using Java 24.0.1 with PID 12072 (C:\Users\Admin\Desktop\cripto-project\UsdtWallet\target\classes started by Admin in C:\Users\Admin\Desktop\cripto-project\UsdtWallet)
2025-08-16 10:54:36 [restartedMain] DEBUG c.U.UsdtWallet.UsdtWalletApplication - Running with Spring Boot v3.5.4, Spring v6.2.9
2025-08-16 10:54:36 [restartedMain] INFO  c.U.UsdtWallet.UsdtWalletApplication - The following 1 profile is active: "dev"
2025-08-16 10:54:36 [restartedMain] INFO  o.s.b.d.e.DevToolsPropertyDefaultsPostProcessor - Devtools property defaults active! Set 'spring.devtools.add-properties' to 'false' to disable
2025-08-16 10:54:36 [restartedMain] INFO  o.s.b.d.e.DevToolsPropertyDefaultsPostProcessor - For additional web related logging consider setting the 'logging.level.web' property to 'DEBUG'
2025-08-16 10:54:37 [restartedMain] INFO  o.s.d.r.c.RepositoryConfigurationDelegate - Bootstrapping Spring Data JPA repositories in DEFAULT mode.
2025-08-16 10:54:37 [restartedMain] INFO  o.s.d.r.c.RepositoryConfigurationDelegate - Finished Spring Data repository scanning in 18 ms. Found 1 JPA repository interface.
2025-08-16 10:54:37 [restartedMain] INFO  o.s.b.w.e.tomcat.TomcatWebServer - Tomcat initialized with port 8080 (http)
2025-08-16 10:54:37 [restartedMain] INFO  o.a.catalina.core.StandardService - Starting service [Tomcat]
2025-08-16 10:54:37 [restartedMain] INFO  o.a.catalina.core.StandardEngine - Starting Servlet engine: [Apache Tomcat/10.1.43]
2025-08-16 10:54:37 [restartedMain] INFO  o.a.c.c.C.[Tomcat].[localhost].[/] - Initializing Spring embedded WebApplicationContext
2025-08-16 10:54:37 [restartedMain] INFO  o.s.b.w.s.c.ServletWebServerApplicationContext - Root WebApplicationContext: initialization completed in 873 ms
2025-08-16 10:54:37 [restartedMain] DEBUG c.U.U.s.JwtAuthenticationFilter - Filter 'jwtAuthenticationFilter' configured for use
2025-08-16 10:54:37 [restartedMain] INFO  o.h.jpa.internal.util.LogHelper - HHH000204: Processing PersistenceUnitInfo [name: default]
2025-08-16 10:54:37 [restartedMain] INFO  org.hibernate.Version - HHH000412: Hibernate ORM core version 6.6.22.Final
2025-08-16 10:54:37 [restartedMain] INFO  o.h.c.i.RegionFactoryInitiator - HHH000026: Second-level cache disabled
2025-08-16 10:54:38 [restartedMain] INFO  o.s.o.j.p.SpringPersistenceUnitInfo - No LoadTimeWeaver setup: ignoring JPA class transformer
2025-08-16 10:54:38 [restartedMain] INFO  com.zaxxer.hikari.HikariDataSource - HikariPool-1 - Starting...
2025-08-16 10:54:38 [restartedMain] INFO  com.zaxxer.hikari.pool.HikariPool - HikariPool-1 - Added connection org.postgresql.jdbc.PgConnection@453bd6aa
2025-08-16 10:54:38 [restartedMain] INFO  com.zaxxer.hikari.HikariDataSource - HikariPool-1 - Start completed.
2025-08-16 10:54:38 [restartedMain] WARN  org.hibernate.orm.deprecation - HHH90000025: PostgreSQLDialect does not need to be specified explicitly using 'hibernate.dialect' (remove the property setting and it will be selected by default)
2025-08-16 10:54:38 [restartedMain] INFO  o.hibernate.orm.connections.pooling - HHH10001005: Database info:
	Database JDBC URL [Connecting through datasource 'HikariDataSource (HikariPool-1)']
	Database driver: undefined/unknown
	Database version: 14.18
	Autocommit mode: undefined/unknown
	Isolation level: undefined/unknown
	Minimum pool size: undefined/unknown
	Maximum pool size: undefined/unknown
2025-08-16 10:54:39 [restartedMain] INFO  o.h.e.t.j.p.i.JtaPlatformInitiator - HHH000489: No JTA platform available (set 'hibernate.transaction.jta.platform' to enable JTA platform integration)
2025-08-16 10:54:39 [restartedMain] INFO  o.s.o.j.LocalContainerEntityManagerFactoryBean - Initialized JPA EntityManagerFactory for persistence unit 'default'
2025-08-16 10:54:39 [restartedMain] INFO  o.s.s.c.a.a.c.InitializeUserDetailsBeanManagerConfigurer$InitializeUserDetailsManagerConfigurer - Global AuthenticationManager configured with UserDetailsService bean with name customUserDetailService
2025-08-16 10:54:39 [restartedMain] DEBUG o.s.s.a.p.PrePostAnnotationSecurityMetadataSource - @org.springframework.security.access.prepost.PreAuthorize("hasRole('ADMIN')") found on specific method: public org.springframework.http.ResponseEntity com.UsdtWallet.UsdtWallet.controller.UserController.searchUsers(java.lang.String,int,int)
2025-08-16 10:54:39 [restartedMain] DEBUG o.s.s.a.m.DelegatingMethodSecurityMetadataSource - Caching method [CacheKey[com.UsdtWallet.UsdtWallet.controller.UserController; public org.springframework.http.ResponseEntity com.UsdtWallet.UsdtWallet.controller.UserController.searchUsers(java.lang.String,int,int)]] with attributes [[authorize: 'hasRole('ADMIN')', filter: 'null', filterTarget: 'null']]
2025-08-16 10:54:39 [restartedMain] DEBUG o.s.s.a.p.PrePostAnnotationSecurityMetadataSource - @org.springframework.security.access.prepost.PreAuthorize("hasRole('ADMIN') or #id == authentication.principal.id") found on specific method: public org.springframework.http.ResponseEntity com.UsdtWallet.UsdtWallet.controller.UserController.getUserById(java.util.UUID)
2025-08-16 10:54:39 [restartedMain] DEBUG o.s.s.a.m.DelegatingMethodSecurityMetadataSource - Caching method [CacheKey[com.UsdtWallet.UsdtWallet.controller.UserController; public org.springframework.http.ResponseEntity com.UsdtWallet.UsdtWallet.controller.UserController.getUserById(java.util.UUID)]] with attributes [[authorize: 'hasRole('ADMIN') or #id == authentication.principal.id', filter: 'null', filterTarget: 'null']]
2025-08-16 10:54:39 [restartedMain] DEBUG o.s.s.a.p.PrePostAnnotationSecurityMetadataSource - @org.springframework.security.access.prepost.PreAuthorize("hasRole('ADMIN')") found on specific method: public org.springframework.http.ResponseEntity com.UsdtWallet.UsdtWallet.controller.UserController.getAllUsers(int,int,java.lang.String,java.lang.String)
2025-08-16 10:54:39 [restartedMain] DEBUG o.s.s.a.m.DelegatingMethodSecurityMetadataSource - Caching method [CacheKey[com.UsdtWallet.UsdtWallet.controller.UserController; public org.springframework.http.ResponseEntity com.UsdtWallet.UsdtWallet.controller.UserController.getAllUsers(int,int,java.lang.String,java.lang.String)]] with attributes [[authorize: 'hasRole('ADMIN')', filter: 'null', filterTarget: 'null']]
2025-08-16 10:54:39 [restartedMain] DEBUG o.s.s.a.p.PrePostAnnotationSecurityMetadataSource - @org.springframework.security.access.prepost.PreAuthorize("hasRole('ADMIN')") found on specific method: public org.springframework.http.ResponseEntity com.UsdtWallet.UsdtWallet.controller.UserController.createUser(com.UsdtWallet.UsdtWallet.model.dto.request.UserCreateRequest) throws org.apache.coyote.BadRequestException
2025-08-16 10:54:39 [restartedMain] DEBUG o.s.s.a.m.DelegatingMethodSecurityMetadataSource - Caching method [CacheKey[com.UsdtWallet.UsdtWallet.controller.UserController; public org.springframework.http.ResponseEntity com.UsdtWallet.UsdtWallet.controller.UserController.createUser(com.UsdtWallet.UsdtWallet.model.dto.request.UserCreateRequest) throws org.apache.coyote.BadRequestException]] with attributes [[authorize: 'hasRole('ADMIN')', filter: 'null', filterTarget: 'null']]
2025-08-16 10:54:39 [restartedMain] DEBUG o.s.s.a.p.PrePostAnnotationSecurityMetadataSource - @org.springframework.security.access.prepost.PreAuthorize("hasRole('ADMIN')") found on specific method: public org.springframework.http.ResponseEntity com.UsdtWallet.UsdtWallet.controller.UserController.deleteUser(java.lang.Long)
2025-08-16 10:54:39 [restartedMain] DEBUG o.s.s.a.m.DelegatingMethodSecurityMetadataSource - Caching method [CacheKey[com.UsdtWallet.UsdtWallet.controller.UserController; public org.springframework.http.ResponseEntity com.UsdtWallet.UsdtWallet.controller.UserController.deleteUser(java.lang.Long)]] with attributes [[authorize: 'hasRole('ADMIN')', filter: 'null', filterTarget: 'null']]
2025-08-16 10:54:39 [restartedMain] DEBUG o.s.s.a.p.PrePostAnnotationSecurityMetadataSource - @org.springframework.security.access.prepost.PreAuthorize("hasRole('ADMIN') or #id == authentication.principal.id") found on specific method: public org.springframework.http.ResponseEntity com.UsdtWallet.UsdtWallet.controller.UserController.updateUser(java.lang.Long,com.UsdtWallet.UsdtWallet.model.dto.request.UserCreateRequest)
2025-08-16 10:54:39 [restartedMain] DEBUG o.s.s.a.m.DelegatingMethodSecurityMetadataSource - Caching method [CacheKey[com.UsdtWallet.UsdtWallet.controller.UserController; public org.springframework.http.ResponseEntity com.UsdtWallet.UsdtWallet.controller.UserController.updateUser(java.lang.Long,com.UsdtWallet.UsdtWallet.model.dto.request.UserCreateRequest)]] with attributes [[authorize: 'hasRole('ADMIN') or #id == authentication.principal.id', filter: 'null', filterTarget: 'null']]
2025-08-16 10:54:39 [restartedMain] WARN  o.s.b.a.o.j.JpaBaseConfiguration$JpaWebConfiguration - spring.jpa.open-in-view is enabled by default. Therefore, database queries may be performed during view rendering. Explicitly configure spring.jpa.open-in-view to disable this warning
2025-08-16 10:54:40 [restartedMain] DEBUG o.s.s.web.DefaultSecurityFilterChain - Will secure any request with filters: DisableEncodeUrlFilter, WebAsyncManagerIntegrationFilter, SecurityContextHolderFilter, HeaderWriterFilter, LogoutFilter, RequestCacheAwareFilter, SecurityContextHolderAwareRequestFilter, AnonymousAuthenticationFilter, SessionManagementFilter, ExceptionTranslationFilter, AuthorizationFilter
2025-08-16 10:54:40 [restartedMain] INFO  o.s.b.d.a.OptionalLiveReloadServer - LiveReload server is running on port 35729
2025-08-16 10:54:40 [restartedMain] INFO  o.s.b.w.e.tomcat.TomcatWebServer - Tomcat started on port 8080 (http) with context path '/'
2025-08-16 10:54:40 [restartedMain] INFO  c.U.UsdtWallet.UsdtWalletApplication - Started UsdtWalletApplication in 3.771 seconds (process running for 4.258)
2025-08-16 10:56:28 [SpringApplicationShutdownHook] INFO  o.s.b.w.e.tomcat.GracefulShutdown - Commencing graceful shutdown. Waiting for active requests to complete
2025-08-16 10:56:28 [tomcat-shutdown] INFO  o.s.b.w.e.tomcat.GracefulShutdown - Graceful shutdown complete
2025-08-16 10:56:28 [SpringApplicationShutdownHook] INFO  o.s.o.j.LocalContainerEntityManagerFactoryBean - Closing JPA EntityManagerFactory for persistence unit 'default'
2025-08-16 10:56:28 [SpringApplicationShutdownHook] INFO  com.zaxxer.hikari.HikariDataSource - HikariPool-1 - Shutdown initiated...
2025-08-16 10:56:28 [SpringApplicationShutdownHook] INFO  com.zaxxer.hikari.HikariDataSource - HikariPool-1 - Shutdown completed.
2025-08-16 11:07:25 [restartedMain] INFO  c.U.UsdtWallet.UsdtWalletApplication - Starting UsdtWalletApplication using Java 24.0.1 with PID 35456 (C:\Users\Admin\Desktop\cripto-project\UsdtWallet\target\classes started by Admin in C:\Users\Admin\Desktop\cripto-project\UsdtWallet)
2025-08-16 11:07:25 [restartedMain] DEBUG c.U.UsdtWallet.UsdtWalletApplication - Running with Spring Boot v3.5.4, Spring v6.2.9
2025-08-16 11:07:25 [restartedMain] INFO  c.U.UsdtWallet.UsdtWalletApplication - The following 1 profile is active: "dev"
2025-08-16 11:07:25 [restartedMain] INFO  o.s.b.d.e.DevToolsPropertyDefaultsPostProcessor - Devtools property defaults active! Set 'spring.devtools.add-properties' to 'false' to disable
2025-08-16 11:07:25 [restartedMain] INFO  o.s.b.d.e.DevToolsPropertyDefaultsPostProcessor - For additional web related logging consider setting the 'logging.level.web' property to 'DEBUG'
2025-08-16 11:07:26 [restartedMain] INFO  o.s.d.r.c.RepositoryConfigurationDelegate - Bootstrapping Spring Data JPA repositories in DEFAULT mode.
2025-08-16 11:07:26 [restartedMain] INFO  o.s.d.r.c.RepositoryConfigurationDelegate - Finished Spring Data repository scanning in 20 ms. Found 1 JPA repository interface.
2025-08-16 11:07:26 [restartedMain] INFO  o.s.b.w.e.tomcat.TomcatWebServer - Tomcat initialized with port 8080 (http)
2025-08-16 11:07:26 [restartedMain] INFO  o.a.catalina.core.StandardService - Starting service [Tomcat]
2025-08-16 11:07:26 [restartedMain] INFO  o.a.catalina.core.StandardEngine - Starting Servlet engine: [Apache Tomcat/10.1.43]
2025-08-16 11:07:26 [restartedMain] INFO  o.a.c.c.C.[Tomcat].[localhost].[/] - Initializing Spring embedded WebApplicationContext
2025-08-16 11:07:26 [restartedMain] INFO  o.s.b.w.s.c.ServletWebServerApplicationContext - Root WebApplicationContext: initialization completed in 894 ms
2025-08-16 11:07:26 [restartedMain] DEBUG c.U.U.s.JwtAuthenticationFilter - Filter 'jwtAuthenticationFilter' configured for use
2025-08-16 11:07:26 [restartedMain] INFO  o.h.jpa.internal.util.LogHelper - HHH000204: Processing PersistenceUnitInfo [name: default]
2025-08-16 11:07:27 [restartedMain] INFO  org.hibernate.Version - HHH000412: Hibernate ORM core version 6.6.22.Final
2025-08-16 11:07:27 [restartedMain] INFO  o.h.c.i.RegionFactoryInitiator - HHH000026: Second-level cache disabled
2025-08-16 11:07:27 [restartedMain] INFO  o.s.o.j.p.SpringPersistenceUnitInfo - No LoadTimeWeaver setup: ignoring JPA class transformer
2025-08-16 11:07:27 [restartedMain] INFO  com.zaxxer.hikari.HikariDataSource - HikariPool-1 - Starting...
2025-08-16 11:07:27 [restartedMain] INFO  com.zaxxer.hikari.pool.HikariPool - HikariPool-1 - Added connection org.postgresql.jdbc.PgConnection@31e8fac1
2025-08-16 11:07:27 [restartedMain] INFO  com.zaxxer.hikari.HikariDataSource - HikariPool-1 - Start completed.
2025-08-16 11:07:27 [restartedMain] WARN  org.hibernate.orm.deprecation - HHH90000025: PostgreSQLDialect does not need to be specified explicitly using 'hibernate.dialect' (remove the property setting and it will be selected by default)
2025-08-16 11:07:27 [restartedMain] INFO  o.hibernate.orm.connections.pooling - HHH10001005: Database info:
	Database JDBC URL [Connecting through datasource 'HikariDataSource (HikariPool-1)']
	Database driver: undefined/unknown
	Database version: 14.18
	Autocommit mode: undefined/unknown
	Isolation level: undefined/unknown
	Minimum pool size: undefined/unknown
	Maximum pool size: undefined/unknown
2025-08-16 11:07:28 [restartedMain] INFO  o.h.e.t.j.p.i.JtaPlatformInitiator - HHH000489: No JTA platform available (set 'hibernate.transaction.jta.platform' to enable JTA platform integration)
2025-08-16 11:07:28 [restartedMain] INFO  o.s.o.j.LocalContainerEntityManagerFactoryBean - Initialized JPA EntityManagerFactory for persistence unit 'default'
2025-08-16 11:07:28 [restartedMain] INFO  o.s.s.c.a.a.c.InitializeUserDetailsBeanManagerConfigurer$InitializeUserDetailsManagerConfigurer - Global AuthenticationManager configured with UserDetailsService bean with name customUserDetailService
2025-08-16 11:07:28 [restartedMain] DEBUG o.s.s.a.p.PrePostAnnotationSecurityMetadataSource - @org.springframework.security.access.prepost.PreAuthorize("hasRole('ADMIN')") found on specific method: public org.springframework.http.ResponseEntity com.UsdtWallet.UsdtWallet.controller.UserController.getAllUsers(int,int,java.lang.String,java.lang.String)
2025-08-16 11:07:28 [restartedMain] DEBUG o.s.s.a.m.DelegatingMethodSecurityMetadataSource - Caching method [CacheKey[com.UsdtWallet.UsdtWallet.controller.UserController; public org.springframework.http.ResponseEntity com.UsdtWallet.UsdtWallet.controller.UserController.getAllUsers(int,int,java.lang.String,java.lang.String)]] with attributes [[authorize: 'hasRole('ADMIN')', filter: 'null', filterTarget: 'null']]
2025-08-16 11:07:28 [restartedMain] DEBUG o.s.s.a.p.PrePostAnnotationSecurityMetadataSource - @org.springframework.security.access.prepost.PreAuthorize("hasRole('ADMIN') or #id == authentication.principal.id") found on specific method: public org.springframework.http.ResponseEntity com.UsdtWallet.UsdtWallet.controller.UserController.getUserById(java.util.UUID)
2025-08-16 11:07:28 [restartedMain] DEBUG o.s.s.a.m.DelegatingMethodSecurityMetadataSource - Caching method [CacheKey[com.UsdtWallet.UsdtWallet.controller.UserController; public org.springframework.http.ResponseEntity com.UsdtWallet.UsdtWallet.controller.UserController.getUserById(java.util.UUID)]] with attributes [[authorize: 'hasRole('ADMIN') or #id == authentication.principal.id', filter: 'null', filterTarget: 'null']]
2025-08-16 11:07:28 [restartedMain] DEBUG o.s.s.a.p.PrePostAnnotationSecurityMetadataSource - @org.springframework.security.access.prepost.PreAuthorize("hasRole('ADMIN')") found on specific method: public org.springframework.http.ResponseEntity com.UsdtWallet.UsdtWallet.controller.UserController.searchUsers(java.lang.String,int,int)
2025-08-16 11:07:28 [restartedMain] DEBUG o.s.s.a.m.DelegatingMethodSecurityMetadataSource - Caching method [CacheKey[com.UsdtWallet.UsdtWallet.controller.UserController; public org.springframework.http.ResponseEntity com.UsdtWallet.UsdtWallet.controller.UserController.searchUsers(java.lang.String,int,int)]] with attributes [[authorize: 'hasRole('ADMIN')', filter: 'null', filterTarget: 'null']]
2025-08-16 11:07:28 [restartedMain] DEBUG o.s.s.a.p.PrePostAnnotationSecurityMetadataSource - @org.springframework.security.access.prepost.PreAuthorize("hasRole('ADMIN')") found on specific method: public org.springframework.http.ResponseEntity com.UsdtWallet.UsdtWallet.controller.UserController.deleteUser(java.lang.Long)
2025-08-16 11:07:28 [restartedMain] DEBUG o.s.s.a.m.DelegatingMethodSecurityMetadataSource - Caching method [CacheKey[com.UsdtWallet.UsdtWallet.controller.UserController; public org.springframework.http.ResponseEntity com.UsdtWallet.UsdtWallet.controller.UserController.deleteUser(java.lang.Long)]] with attributes [[authorize: 'hasRole('ADMIN')', filter: 'null', filterTarget: 'null']]
2025-08-16 11:07:28 [restartedMain] DEBUG o.s.s.a.p.PrePostAnnotationSecurityMetadataSource - @org.springframework.security.access.prepost.PreAuthorize("hasRole('ADMIN')") found on specific method: public org.springframework.http.ResponseEntity com.UsdtWallet.UsdtWallet.controller.UserController.createUser(com.UsdtWallet.UsdtWallet.model.dto.request.UserCreateRequest) throws org.apache.coyote.BadRequestException
2025-08-16 11:07:28 [restartedMain] DEBUG o.s.s.a.m.DelegatingMethodSecurityMetadataSource - Caching method [CacheKey[com.UsdtWallet.UsdtWallet.controller.UserController; public org.springframework.http.ResponseEntity com.UsdtWallet.UsdtWallet.controller.UserController.createUser(com.UsdtWallet.UsdtWallet.model.dto.request.UserCreateRequest) throws org.apache.coyote.BadRequestException]] with attributes [[authorize: 'hasRole('ADMIN')', filter: 'null', filterTarget: 'null']]
2025-08-16 11:07:28 [restartedMain] DEBUG o.s.s.a.p.PrePostAnnotationSecurityMetadataSource - @org.springframework.security.access.prepost.PreAuthorize("hasRole('ADMIN') or #id == authentication.principal.id") found on specific method: public org.springframework.http.ResponseEntity com.UsdtWallet.UsdtWallet.controller.UserController.updateUser(java.lang.Long,com.UsdtWallet.UsdtWallet.model.dto.request.UserCreateRequest)
2025-08-16 11:07:28 [restartedMain] DEBUG o.s.s.a.m.DelegatingMethodSecurityMetadataSource - Caching method [CacheKey[com.UsdtWallet.UsdtWallet.controller.UserController; public org.springframework.http.ResponseEntity com.UsdtWallet.UsdtWallet.controller.UserController.updateUser(java.lang.Long,com.UsdtWallet.UsdtWallet.model.dto.request.UserCreateRequest)]] with attributes [[authorize: 'hasRole('ADMIN') or #id == authentication.principal.id', filter: 'null', filterTarget: 'null']]
2025-08-16 11:07:28 [restartedMain] WARN  o.s.b.a.o.j.JpaBaseConfiguration$JpaWebConfiguration - spring.jpa.open-in-view is enabled by default. Therefore, database queries may be performed during view rendering. Explicitly configure spring.jpa.open-in-view to disable this warning
2025-08-16 11:07:28 [restartedMain] DEBUG o.s.s.web.DefaultSecurityFilterChain - Will secure any request with filters: DisableEncodeUrlFilter, WebAsyncManagerIntegrationFilter, SecurityContextHolderFilter, HeaderWriterFilter, LogoutFilter, RequestCacheAwareFilter, SecurityContextHolderAwareRequestFilter, AnonymousAuthenticationFilter, SessionManagementFilter, ExceptionTranslationFilter, AuthorizationFilter
2025-08-16 11:07:28 [restartedMain] INFO  o.s.b.d.a.OptionalLiveReloadServer - LiveReload server is running on port 35729
2025-08-16 11:07:28 [restartedMain] INFO  o.s.b.w.e.tomcat.TomcatWebServer - Tomcat started on port 8080 (http) with context path '/'
2025-08-16 11:07:28 [restartedMain] INFO  c.U.UsdtWallet.UsdtWalletApplication - Started UsdtWalletApplication in 3.246 seconds (process running for 3.714)
2025-08-16 11:08:13 [http-nio-8080-exec-1] INFO  o.a.c.c.C.[Tomcat].[localhost].[/] - Initializing Spring DispatcherServlet 'dispatcherServlet'
2025-08-16 11:08:13 [http-nio-8080-exec-1] INFO  o.s.web.servlet.DispatcherServlet - Initializing Servlet 'dispatcherServlet'
2025-08-16 11:08:13 [http-nio-8080-exec-1] INFO  o.s.web.servlet.DispatcherServlet - Completed initialization in 1 ms
2025-08-16 11:08:13 [http-nio-8080-exec-1] DEBUG o.s.security.web.FilterChainProxy - Securing GET /swagger-ui.html
2025-08-16 11:08:13 [http-nio-8080-exec-1] DEBUG o.s.s.w.a.AnonymousAuthenticationFilter - Set SecurityContextHolder to anonymous SecurityContext
2025-08-16 11:08:13 [http-nio-8080-exec-1] DEBUG o.s.security.web.FilterChainProxy - Secured GET /swagger-ui.html
2025-08-16 11:08:14 [http-nio-8080-exec-2] DEBUG o.s.security.web.FilterChainProxy - Securing GET /favicon.ico
2025-08-16 11:08:14 [http-nio-8080-exec-2] DEBUG o.s.s.w.a.AnonymousAuthenticationFilter - Set SecurityContextHolder to anonymous SecurityContext
2025-08-16 11:08:39 [http-nio-8080-exec-3] DEBUG o.s.security.web.FilterChainProxy - Securing GET /v3/swagger-ui.html
2025-08-16 11:08:39 [http-nio-8080-exec-3] DEBUG o.s.s.w.a.AnonymousAuthenticationFilter - Set SecurityContextHolder to anonymous SecurityContext
2025-08-16 11:08:39 [http-nio-8080-exec-4] DEBUG o.s.security.web.FilterChainProxy - Securing GET /favicon.ico
2025-08-16 11:08:39 [http-nio-8080-exec-4] DEBUG o.s.s.w.a.AnonymousAuthenticationFilter - Set SecurityContextHolder to anonymous SecurityContext
2025-08-16 11:10:48 [SpringApplicationShutdownHook] INFO  o.s.b.w.e.tomcat.GracefulShutdown - Commencing graceful shutdown. Waiting for active requests to complete
2025-08-16 11:10:48 [tomcat-shutdown] INFO  o.s.b.w.e.tomcat.GracefulShutdown - Graceful shutdown complete
2025-08-16 11:10:48 [SpringApplicationShutdownHook] INFO  o.s.o.j.LocalContainerEntityManagerFactoryBean - Closing JPA EntityManagerFactory for persistence unit 'default'
2025-08-16 11:10:48 [SpringApplicationShutdownHook] INFO  com.zaxxer.hikari.HikariDataSource - HikariPool-1 - Shutdown initiated...
2025-08-16 11:10:48 [SpringApplicationShutdownHook] INFO  com.zaxxer.hikari.HikariDataSource - HikariPool-1 - Shutdown completed.
2025-08-16 11:10:52 [restartedMain] INFO  c.U.UsdtWallet.UsdtWalletApplication - Starting UsdtWalletApplication using Java 24.0.1 with PID 14500 (C:\Users\Admin\Desktop\cripto-project\UsdtWallet\target\classes started by Admin in C:\Users\Admin\Desktop\cripto-project\UsdtWallet)
2025-08-16 11:10:52 [restartedMain] DEBUG c.U.UsdtWallet.UsdtWalletApplication - Running with Spring Boot v3.5.4, Spring v6.2.9
2025-08-16 11:10:52 [restartedMain] INFO  c.U.UsdtWallet.UsdtWalletApplication - The following 1 profile is active: "dev"
2025-08-16 11:10:52 [restartedMain] INFO  o.s.b.d.e.DevToolsPropertyDefaultsPostProcessor - Devtools property defaults active! Set 'spring.devtools.add-properties' to 'false' to disable
2025-08-16 11:10:52 [restartedMain] INFO  o.s.b.d.e.DevToolsPropertyDefaultsPostProcessor - For additional web related logging consider setting the 'logging.level.web' property to 'DEBUG'
2025-08-16 11:10:53 [restartedMain] INFO  o.s.d.r.c.RepositoryConfigurationDelegate - Bootstrapping Spring Data JPA repositories in DEFAULT mode.
2025-08-16 11:10:53 [restartedMain] INFO  o.s.d.r.c.RepositoryConfigurationDelegate - Finished Spring Data repository scanning in 20 ms. Found 1 JPA repository interface.
2025-08-16 11:10:53 [restartedMain] INFO  o.s.b.w.e.tomcat.TomcatWebServer - Tomcat initialized with port 8080 (http)
2025-08-16 11:10:53 [restartedMain] INFO  o.a.catalina.core.StandardService - Starting service [Tomcat]
2025-08-16 11:10:53 [restartedMain] INFO  o.a.catalina.core.StandardEngine - Starting Servlet engine: [Apache Tomcat/10.1.43]
2025-08-16 11:10:53 [restartedMain] INFO  o.a.c.c.C.[Tomcat].[localhost].[/] - Initializing Spring embedded WebApplicationContext
2025-08-16 11:10:53 [restartedMain] INFO  o.s.b.w.s.c.ServletWebServerApplicationContext - Root WebApplicationContext: initialization completed in 879 ms
2025-08-16 11:10:53 [restartedMain] DEBUG c.U.U.s.JwtAuthenticationFilter - Filter 'jwtAuthenticationFilter' configured for use
2025-08-16 11:10:53 [restartedMain] INFO  o.h.jpa.internal.util.LogHelper - HHH000204: Processing PersistenceUnitInfo [name: default]
2025-08-16 11:10:53 [restartedMain] INFO  org.hibernate.Version - HHH000412: Hibernate ORM core version 6.6.22.Final
2025-08-16 11:10:53 [restartedMain] INFO  o.h.c.i.RegionFactoryInitiator - HHH000026: Second-level cache disabled
2025-08-16 11:10:53 [restartedMain] INFO  o.s.o.j.p.SpringPersistenceUnitInfo - No LoadTimeWeaver setup: ignoring JPA class transformer
2025-08-16 11:10:53 [restartedMain] INFO  com.zaxxer.hikari.HikariDataSource - HikariPool-1 - Starting...
2025-08-16 11:10:54 [restartedMain] INFO  com.zaxxer.hikari.pool.HikariPool - HikariPool-1 - Added connection org.postgresql.jdbc.PgConnection@4f9be85
2025-08-16 11:10:54 [restartedMain] INFO  com.zaxxer.hikari.HikariDataSource - HikariPool-1 - Start completed.
2025-08-16 11:10:54 [restartedMain] WARN  org.hibernate.orm.deprecation - HHH90000025: PostgreSQLDialect does not need to be specified explicitly using 'hibernate.dialect' (remove the property setting and it will be selected by default)
2025-08-16 11:10:54 [restartedMain] INFO  o.hibernate.orm.connections.pooling - HHH10001005: Database info:
	Database JDBC URL [Connecting through datasource 'HikariDataSource (HikariPool-1)']
	Database driver: undefined/unknown
	Database version: 14.18
	Autocommit mode: undefined/unknown
	Isolation level: undefined/unknown
	Minimum pool size: undefined/unknown
	Maximum pool size: undefined/unknown
2025-08-16 11:10:54 [restartedMain] INFO  o.h.e.t.j.p.i.JtaPlatformInitiator - HHH000489: No JTA platform available (set 'hibernate.transaction.jta.platform' to enable JTA platform integration)
2025-08-16 11:10:54 [restartedMain] INFO  o.s.o.j.LocalContainerEntityManagerFactoryBean - Initialized JPA EntityManagerFactory for persistence unit 'default'
2025-08-16 11:10:54 [restartedMain] INFO  o.s.s.c.a.a.c.InitializeUserDetailsBeanManagerConfigurer$InitializeUserDetailsManagerConfigurer - Global AuthenticationManager configured with UserDetailsService bean with name customUserDetailService
2025-08-16 11:10:55 [restartedMain] DEBUG o.s.s.a.p.PrePostAnnotationSecurityMetadataSource - @org.springframework.security.access.prepost.PreAuthorize("hasRole('ADMIN')") found on specific method: public org.springframework.http.ResponseEntity com.UsdtWallet.UsdtWallet.controller.UserController.createUser(com.UsdtWallet.UsdtWallet.model.dto.request.UserCreateRequest) throws org.apache.coyote.BadRequestException
2025-08-16 11:10:55 [restartedMain] DEBUG o.s.s.a.m.DelegatingMethodSecurityMetadataSource - Caching method [CacheKey[com.UsdtWallet.UsdtWallet.controller.UserController; public org.springframework.http.ResponseEntity com.UsdtWallet.UsdtWallet.controller.UserController.createUser(com.UsdtWallet.UsdtWallet.model.dto.request.UserCreateRequest) throws org.apache.coyote.BadRequestException]] with attributes [[authorize: 'hasRole('ADMIN')', filter: 'null', filterTarget: 'null']]
2025-08-16 11:10:55 [restartedMain] DEBUG o.s.s.a.p.PrePostAnnotationSecurityMetadataSource - @org.springframework.security.access.prepost.PreAuthorize("hasRole('ADMIN') or #id == authentication.principal.id") found on specific method: public org.springframework.http.ResponseEntity com.UsdtWallet.UsdtWallet.controller.UserController.updateUser(java.lang.Long,com.UsdtWallet.UsdtWallet.model.dto.request.UserCreateRequest)
2025-08-16 11:10:55 [restartedMain] DEBUG o.s.s.a.m.DelegatingMethodSecurityMetadataSource - Caching method [CacheKey[com.UsdtWallet.UsdtWallet.controller.UserController; public org.springframework.http.ResponseEntity com.UsdtWallet.UsdtWallet.controller.UserController.updateUser(java.lang.Long,com.UsdtWallet.UsdtWallet.model.dto.request.UserCreateRequest)]] with attributes [[authorize: 'hasRole('ADMIN') or #id == authentication.principal.id', filter: 'null', filterTarget: 'null']]
2025-08-16 11:10:55 [restartedMain] DEBUG o.s.s.a.p.PrePostAnnotationSecurityMetadataSource - @org.springframework.security.access.prepost.PreAuthorize("hasRole('ADMIN')") found on specific method: public org.springframework.http.ResponseEntity com.UsdtWallet.UsdtWallet.controller.UserController.deleteUser(java.lang.Long)
2025-08-16 11:10:55 [restartedMain] DEBUG o.s.s.a.m.DelegatingMethodSecurityMetadataSource - Caching method [CacheKey[com.UsdtWallet.UsdtWallet.controller.UserController; public org.springframework.http.ResponseEntity com.UsdtWallet.UsdtWallet.controller.UserController.deleteUser(java.lang.Long)]] with attributes [[authorize: 'hasRole('ADMIN')', filter: 'null', filterTarget: 'null']]
2025-08-16 11:10:55 [restartedMain] DEBUG o.s.s.a.p.PrePostAnnotationSecurityMetadataSource - @org.springframework.security.access.prepost.PreAuthorize("hasRole('ADMIN') or #id == authentication.principal.id") found on specific method: public org.springframework.http.ResponseEntity com.UsdtWallet.UsdtWallet.controller.UserController.getUserById(java.util.UUID)
2025-08-16 11:10:55 [restartedMain] DEBUG o.s.s.a.m.DelegatingMethodSecurityMetadataSource - Caching method [CacheKey[com.UsdtWallet.UsdtWallet.controller.UserController; public org.springframework.http.ResponseEntity com.UsdtWallet.UsdtWallet.controller.UserController.getUserById(java.util.UUID)]] with attributes [[authorize: 'hasRole('ADMIN') or #id == authentication.principal.id', filter: 'null', filterTarget: 'null']]
2025-08-16 11:10:55 [restartedMain] DEBUG o.s.s.a.p.PrePostAnnotationSecurityMetadataSource - @org.springframework.security.access.prepost.PreAuthorize("hasRole('ADMIN')") found on specific method: public org.springframework.http.ResponseEntity com.UsdtWallet.UsdtWallet.controller.UserController.getAllUsers(int,int,java.lang.String,java.lang.String)
2025-08-16 11:10:55 [restartedMain] DEBUG o.s.s.a.m.DelegatingMethodSecurityMetadataSource - Caching method [CacheKey[com.UsdtWallet.UsdtWallet.controller.UserController; public org.springframework.http.ResponseEntity com.UsdtWallet.UsdtWallet.controller.UserController.getAllUsers(int,int,java.lang.String,java.lang.String)]] with attributes [[authorize: 'hasRole('ADMIN')', filter: 'null', filterTarget: 'null']]
2025-08-16 11:10:55 [restartedMain] DEBUG o.s.s.a.p.PrePostAnnotationSecurityMetadataSource - @org.springframework.security.access.prepost.PreAuthorize("hasRole('ADMIN')") found on specific method: public org.springframework.http.ResponseEntity com.UsdtWallet.UsdtWallet.controller.UserController.searchUsers(java.lang.String,int,int)
2025-08-16 11:10:55 [restartedMain] DEBUG o.s.s.a.m.DelegatingMethodSecurityMetadataSource - Caching method [CacheKey[com.UsdtWallet.UsdtWallet.controller.UserController; public org.springframework.http.ResponseEntity com.UsdtWallet.UsdtWallet.controller.UserController.searchUsers(java.lang.String,int,int)]] with attributes [[authorize: 'hasRole('ADMIN')', filter: 'null', filterTarget: 'null']]
2025-08-16 11:10:55 [restartedMain] WARN  o.s.b.a.o.j.JpaBaseConfiguration$JpaWebConfiguration - spring.jpa.open-in-view is enabled by default. Therefore, database queries may be performed during view rendering. Explicitly configure spring.jpa.open-in-view to disable this warning
2025-08-16 11:10:55 [restartedMain] DEBUG o.s.s.web.DefaultSecurityFilterChain - Will secure any request with filters: DisableEncodeUrlFilter, WebAsyncManagerIntegrationFilter, SecurityContextHolderFilter, HeaderWriterFilter, LogoutFilter, RequestCacheAwareFilter, SecurityContextHolderAwareRequestFilter, AnonymousAuthenticationFilter, SessionManagementFilter, ExceptionTranslationFilter, AuthorizationFilter
2025-08-16 11:10:55 [restartedMain] INFO  o.s.b.d.a.OptionalLiveReloadServer - LiveReload server is running on port 35729
2025-08-16 11:10:55 [restartedMain] INFO  o.s.b.w.e.tomcat.TomcatWebServer - Tomcat started on port 8080 (http) with context path '/'
2025-08-16 11:10:55 [restartedMain] INFO  c.U.UsdtWallet.UsdtWalletApplication - Started UsdtWalletApplication in 3.259 seconds (process running for 3.724)
2025-08-16 11:11:01 [http-nio-8080-exec-1] INFO  o.a.c.c.C.[Tomcat].[localhost].[/] - Initializing Spring DispatcherServlet 'dispatcherServlet'
2025-08-16 11:11:01 [http-nio-8080-exec-1] INFO  o.s.web.servlet.DispatcherServlet - Initializing Servlet 'dispatcherServlet'
2025-08-16 11:11:01 [http-nio-8080-exec-1] INFO  o.s.web.servlet.DispatcherServlet - Completed initialization in 1 ms
2025-08-16 11:11:01 [http-nio-8080-exec-1] DEBUG o.s.security.web.FilterChainProxy - Securing GET /docs
2025-08-16 11:11:01 [http-nio-8080-exec-1] DEBUG o.s.s.w.a.AnonymousAuthenticationFilter - Set SecurityContextHolder to anonymous SecurityContext
2025-08-16 11:11:01 [http-nio-8080-exec-8] DEBUG o.s.security.web.FilterChainProxy - Securing GET /favicon.ico
2025-08-16 11:11:01 [http-nio-8080-exec-8] DEBUG o.s.s.w.a.AnonymousAuthenticationFilter - Set SecurityContextHolder to anonymous SecurityContext
2025-08-16 11:12:27 [File Watcher] INFO  o.s.b.d.a.LocalDevToolsAutoConfiguration$RestartingClassPathChangeChangedEventListener - Restarting due to 1 class path change (0 additions, 0 deletions, 1 modification)
2025-08-16 11:12:27 [Thread-5] INFO  o.s.b.w.e.tomcat.GracefulShutdown - Commencing graceful shutdown. Waiting for active requests to complete
2025-08-16 11:12:27 [tomcat-shutdown] INFO  o.s.b.w.e.tomcat.GracefulShutdown - Graceful shutdown complete
2025-08-16 11:12:27 [Thread-5] INFO  o.s.o.j.LocalContainerEntityManagerFactoryBean - Closing JPA EntityManagerFactory for persistence unit 'default'
2025-08-16 11:12:27 [Thread-5] INFO  com.zaxxer.hikari.HikariDataSource - HikariPool-1 - Shutdown initiated...
2025-08-16 11:12:27 [Thread-5] INFO  com.zaxxer.hikari.HikariDataSource - HikariPool-1 - Shutdown completed.
2025-08-16 11:12:27 [restartedMain] INFO  c.U.UsdtWallet.UsdtWalletApplication - Starting UsdtWalletApplication using Java 24.0.1 with PID 14500 (C:\Users\Admin\Desktop\cripto-project\UsdtWallet\target\classes started by Admin in C:\Users\Admin\Desktop\cripto-project\UsdtWallet)
2025-08-16 11:12:27 [restartedMain] DEBUG c.U.UsdtWallet.UsdtWalletApplication - Running with Spring Boot v3.5.4, Spring v6.2.9
2025-08-16 11:12:27 [restartedMain] INFO  c.U.UsdtWallet.UsdtWalletApplication - The following 1 profile is active: "dev"
2025-08-16 11:12:27 [restartedMain] INFO  o.s.d.r.c.RepositoryConfigurationDelegate - Bootstrapping Spring Data JPA repositories in DEFAULT mode.
2025-08-16 11:12:27 [restartedMain] INFO  o.s.d.r.c.RepositoryConfigurationDelegate - Finished Spring Data repository scanning in 4 ms. Found 1 JPA repository interface.
2025-08-16 11:12:27 [restartedMain] INFO  o.s.b.w.e.tomcat.TomcatWebServer - Tomcat initialized with port 8080 (http)
2025-08-16 11:12:27 [restartedMain] INFO  o.a.catalina.core.StandardService - Starting service [Tomcat]
2025-08-16 11:12:27 [restartedMain] INFO  o.a.catalina.core.StandardEngine - Starting Servlet engine: [Apache Tomcat/10.1.43]
2025-08-16 11:12:27 [restartedMain] INFO  o.a.c.c.C.[Tomcat].[localhost].[/] - Initializing Spring embedded WebApplicationContext
2025-08-16 11:12:27 [restartedMain] INFO  o.s.b.w.s.c.ServletWebServerApplicationContext - Root WebApplicationContext: initialization completed in 208 ms
2025-08-16 11:12:27 [restartedMain] DEBUG c.U.U.s.JwtAuthenticationFilter - Filter 'jwtAuthenticationFilter' configured for use
2025-08-16 11:12:27 [restartedMain] INFO  o.h.jpa.internal.util.LogHelper - HHH000204: Processing PersistenceUnitInfo [name: default]
2025-08-16 11:12:27 [restartedMain] INFO  o.h.c.i.RegionFactoryInitiator - HHH000026: Second-level cache disabled
2025-08-16 11:12:27 [restartedMain] INFO  o.s.o.j.p.SpringPersistenceUnitInfo - No LoadTimeWeaver setup: ignoring JPA class transformer
2025-08-16 11:12:27 [restartedMain] INFO  com.zaxxer.hikari.HikariDataSource - HikariPool-2 - Starting...
2025-08-16 11:12:28 [restartedMain] INFO  com.zaxxer.hikari.pool.HikariPool - HikariPool-2 - Added connection org.postgresql.jdbc.PgConnection@2425ffe7
2025-08-16 11:12:28 [restartedMain] INFO  com.zaxxer.hikari.HikariDataSource - HikariPool-2 - Start completed.
2025-08-16 11:12:28 [restartedMain] WARN  org.hibernate.orm.deprecation - HHH90000025: PostgreSQLDialect does not need to be specified explicitly using 'hibernate.dialect' (remove the property setting and it will be selected by default)
2025-08-16 11:12:28 [restartedMain] INFO  o.hibernate.orm.connections.pooling - HHH10001005: Database info:
	Database JDBC URL [Connecting through datasource 'HikariDataSource (HikariPool-2)']
	Database driver: undefined/unknown
	Database version: 14.18
	Autocommit mode: undefined/unknown
	Isolation level: undefined/unknown
	Minimum pool size: undefined/unknown
	Maximum pool size: undefined/unknown
2025-08-16 11:12:28 [restartedMain] INFO  o.h.e.t.j.p.i.JtaPlatformInitiator - HHH000489: No JTA platform available (set 'hibernate.transaction.jta.platform' to enable JTA platform integration)
2025-08-16 11:12:28 [restartedMain] INFO  o.s.o.j.LocalContainerEntityManagerFactoryBean - Initialized JPA EntityManagerFactory for persistence unit 'default'
2025-08-16 11:12:28 [restartedMain] INFO  o.s.s.c.a.a.c.InitializeUserDetailsBeanManagerConfigurer$InitializeUserDetailsManagerConfigurer - Global AuthenticationManager configured with UserDetailsService bean with name customUserDetailService
2025-08-16 11:12:28 [restartedMain] DEBUG o.s.s.a.p.PrePostAnnotationSecurityMetadataSource - @org.springframework.security.access.prepost.PreAuthorize("hasRole('ADMIN')") found on specific method: public org.springframework.http.ResponseEntity com.UsdtWallet.UsdtWallet.controller.UserController.createUser(com.UsdtWallet.UsdtWallet.model.dto.request.UserCreateRequest) throws org.apache.coyote.BadRequestException
2025-08-16 11:12:28 [restartedMain] DEBUG o.s.s.a.m.DelegatingMethodSecurityMetadataSource - Caching method [CacheKey[com.UsdtWallet.UsdtWallet.controller.UserController; public org.springframework.http.ResponseEntity com.UsdtWallet.UsdtWallet.controller.UserController.createUser(com.UsdtWallet.UsdtWallet.model.dto.request.UserCreateRequest) throws org.apache.coyote.BadRequestException]] with attributes [[authorize: 'hasRole('ADMIN')', filter: 'null', filterTarget: 'null']]
2025-08-16 11:12:28 [restartedMain] DEBUG o.s.s.a.p.PrePostAnnotationSecurityMetadataSource - @org.springframework.security.access.prepost.PreAuthorize("hasRole('ADMIN') or #id == authentication.principal.id") found on specific method: public org.springframework.http.ResponseEntity com.UsdtWallet.UsdtWallet.controller.UserController.updateUser(java.lang.Long,com.UsdtWallet.UsdtWallet.model.dto.request.UserCreateRequest)
2025-08-16 11:12:28 [restartedMain] DEBUG o.s.s.a.m.DelegatingMethodSecurityMetadataSource - Caching method [CacheKey[com.UsdtWallet.UsdtWallet.controller.UserController; public org.springframework.http.ResponseEntity com.UsdtWallet.UsdtWallet.controller.UserController.updateUser(java.lang.Long,com.UsdtWallet.UsdtWallet.model.dto.request.UserCreateRequest)]] with attributes [[authorize: 'hasRole('ADMIN') or #id == authentication.principal.id', filter: 'null', filterTarget: 'null']]
2025-08-16 11:12:28 [restartedMain] DEBUG o.s.s.a.p.PrePostAnnotationSecurityMetadataSource - @org.springframework.security.access.prepost.PreAuthorize("hasRole('ADMIN')") found on specific method: public org.springframework.http.ResponseEntity com.UsdtWallet.UsdtWallet.controller.UserController.deleteUser(java.lang.Long)
2025-08-16 11:12:28 [restartedMain] DEBUG o.s.s.a.m.DelegatingMethodSecurityMetadataSource - Caching method [CacheKey[com.UsdtWallet.UsdtWallet.controller.UserController; public org.springframework.http.ResponseEntity com.UsdtWallet.UsdtWallet.controller.UserController.deleteUser(java.lang.Long)]] with attributes [[authorize: 'hasRole('ADMIN')', filter: 'null', filterTarget: 'null']]
2025-08-16 11:12:28 [restartedMain] DEBUG o.s.s.a.p.PrePostAnnotationSecurityMetadataSource - @org.springframework.security.access.prepost.PreAuthorize("hasRole('ADMIN') or #id == authentication.principal.id") found on specific method: public org.springframework.http.ResponseEntity com.UsdtWallet.UsdtWallet.controller.UserController.getUserById(java.util.UUID)
2025-08-16 11:12:28 [restartedMain] DEBUG o.s.s.a.m.DelegatingMethodSecurityMetadataSource - Caching method [CacheKey[com.UsdtWallet.UsdtWallet.controller.UserController; public org.springframework.http.ResponseEntity com.UsdtWallet.UsdtWallet.controller.UserController.getUserById(java.util.UUID)]] with attributes [[authorize: 'hasRole('ADMIN') or #id == authentication.principal.id', filter: 'null', filterTarget: 'null']]
2025-08-16 11:12:28 [restartedMain] DEBUG o.s.s.a.p.PrePostAnnotationSecurityMetadataSource - @org.springframework.security.access.prepost.PreAuthorize("hasRole('ADMIN')") found on specific method: public org.springframework.http.ResponseEntity com.UsdtWallet.UsdtWallet.controller.UserController.getAllUsers(int,int,java.lang.String,java.lang.String)
2025-08-16 11:12:28 [restartedMain] DEBUG o.s.s.a.m.DelegatingMethodSecurityMetadataSource - Caching method [CacheKey[com.UsdtWallet.UsdtWallet.controller.UserController; public org.springframework.http.ResponseEntity com.UsdtWallet.UsdtWallet.controller.UserController.getAllUsers(int,int,java.lang.String,java.lang.String)]] with attributes [[authorize: 'hasRole('ADMIN')', filter: 'null', filterTarget: 'null']]
2025-08-16 11:12:28 [restartedMain] DEBUG o.s.s.a.p.PrePostAnnotationSecurityMetadataSource - @org.springframework.security.access.prepost.PreAuthorize("hasRole('ADMIN')") found on specific method: public org.springframework.http.ResponseEntity com.UsdtWallet.UsdtWallet.controller.UserController.searchUsers(java.lang.String,int,int)
2025-08-16 11:12:28 [restartedMain] DEBUG o.s.s.a.m.DelegatingMethodSecurityMetadataSource - Caching method [CacheKey[com.UsdtWallet.UsdtWallet.controller.UserController; public org.springframework.http.ResponseEntity com.UsdtWallet.UsdtWallet.controller.UserController.searchUsers(java.lang.String,int,int)]] with attributes [[authorize: 'hasRole('ADMIN')', filter: 'null', filterTarget: 'null']]
2025-08-16 11:12:28 [restartedMain] WARN  o.s.b.a.o.j.JpaBaseConfiguration$JpaWebConfiguration - spring.jpa.open-in-view is enabled by default. Therefore, database queries may be performed during view rendering. Explicitly configure spring.jpa.open-in-view to disable this warning
2025-08-16 11:12:28 [restartedMain] DEBUG o.s.s.web.DefaultSecurityFilterChain - Will secure any request with filters: DisableEncodeUrlFilter, WebAsyncManagerIntegrationFilter, SecurityContextHolderFilter, HeaderWriterFilter, LogoutFilter, RequestCacheAwareFilter, SecurityContextHolderAwareRequestFilter, AnonymousAuthenticationFilter, SessionManagementFilter, ExceptionTranslationFilter, AuthorizationFilter
2025-08-16 11:12:28 [restartedMain] INFO  o.s.b.d.a.OptionalLiveReloadServer - LiveReload server is running on port 35729
2025-08-16 11:12:28 [restartedMain] INFO  o.s.b.w.e.tomcat.TomcatWebServer - Tomcat started on port 8080 (http) with context path '/'
2025-08-16 11:12:28 [restartedMain] INFO  c.U.UsdtWallet.UsdtWalletApplication - Started UsdtWalletApplication in 0.689 seconds (process running for 96.461)
2025-08-16 11:12:28 [restartedMain] INFO  o.s.b.d.a.ConditionEvaluationDeltaLoggingListener - Condition evaluation unchanged
2025-08-16 11:12:29 [http-nio-8080-exec-1] INFO  o.a.c.c.C.[Tomcat].[localhost].[/] - Initializing Spring DispatcherServlet 'dispatcherServlet'
2025-08-16 11:12:29 [http-nio-8080-exec-1] INFO  o.s.web.servlet.DispatcherServlet - Initializing Servlet 'dispatcherServlet'
2025-08-16 11:12:29 [http-nio-8080-exec-1] INFO  o.s.web.servlet.DispatcherServlet - Completed initialization in 1 ms
2025-08-16 11:12:29 [http-nio-8080-exec-1] DEBUG o.s.security.web.FilterChainProxy - Securing GET /swagger-ui.html
2025-08-16 11:12:29 [http-nio-8080-exec-1] DEBUG o.s.s.w.a.AnonymousAuthenticationFilter - Set SecurityContextHolder to anonymous SecurityContext
2025-08-16 11:12:29 [http-nio-8080-exec-1] DEBUG o.s.security.web.FilterChainProxy - Secured GET /swagger-ui.html
2025-08-16 11:12:29 [http-nio-8080-exec-2] DEBUG o.s.security.web.FilterChainProxy - Securing GET /favicon.ico
2025-08-16 11:12:29 [http-nio-8080-exec-2] DEBUG o.s.s.w.a.AnonymousAuthenticationFilter - Set SecurityContextHolder to anonymous SecurityContext
2025-08-16 11:12:35 [SpringApplicationShutdownHook] INFO  o.s.b.w.e.tomcat.GracefulShutdown - Commencing graceful shutdown. Waiting for active requests to complete
2025-08-16 11:12:35 [tomcat-shutdown] INFO  o.s.b.w.e.tomcat.GracefulShutdown - Graceful shutdown complete
2025-08-16 11:12:35 [SpringApplicationShutdownHook] INFO  o.s.o.j.LocalContainerEntityManagerFactoryBean - Closing JPA EntityManagerFactory for persistence unit 'default'
2025-08-16 11:12:35 [SpringApplicationShutdownHook] INFO  com.zaxxer.hikari.HikariDataSource - HikariPool-2 - Shutdown initiated...
2025-08-16 11:12:35 [SpringApplicationShutdownHook] INFO  com.zaxxer.hikari.HikariDataSource - HikariPool-2 - Shutdown completed.
2025-08-16 11:12:38 [restartedMain] INFO  c.U.UsdtWallet.UsdtWalletApplication - Starting UsdtWalletApplication using Java 24.0.1 with PID 16040 (C:\Users\Admin\Desktop\cripto-project\UsdtWallet\target\classes started by Admin in C:\Users\Admin\Desktop\cripto-project\UsdtWallet)
2025-08-16 11:12:38 [restartedMain] DEBUG c.U.UsdtWallet.UsdtWalletApplication - Running with Spring Boot v3.5.4, Spring v6.2.9
2025-08-16 11:12:38 [restartedMain] INFO  c.U.UsdtWallet.UsdtWalletApplication - The following 1 profile is active: "dev"
2025-08-16 11:12:38 [restartedMain] INFO  o.s.b.d.e.DevToolsPropertyDefaultsPostProcessor - Devtools property defaults active! Set 'spring.devtools.add-properties' to 'false' to disable
2025-08-16 11:12:38 [restartedMain] INFO  o.s.b.d.e.DevToolsPropertyDefaultsPostProcessor - For additional web related logging consider setting the 'logging.level.web' property to 'DEBUG'
2025-08-16 11:12:39 [restartedMain] INFO  o.s.d.r.c.RepositoryConfigurationDelegate - Bootstrapping Spring Data JPA repositories in DEFAULT mode.
2025-08-16 11:12:39 [restartedMain] INFO  o.s.d.r.c.RepositoryConfigurationDelegate - Finished Spring Data repository scanning in 21 ms. Found 1 JPA repository interface.
2025-08-16 11:12:39 [restartedMain] INFO  o.s.b.w.e.tomcat.TomcatWebServer - Tomcat initialized with port 8080 (http)
2025-08-16 11:12:39 [restartedMain] INFO  o.a.catalina.core.StandardService - Starting service [Tomcat]
2025-08-16 11:12:39 [restartedMain] INFO  o.a.catalina.core.StandardEngine - Starting Servlet engine: [Apache Tomcat/10.1.43]
2025-08-16 11:12:39 [restartedMain] INFO  o.a.c.c.C.[Tomcat].[localhost].[/] - Initializing Spring embedded WebApplicationContext
2025-08-16 11:12:39 [restartedMain] INFO  o.s.b.w.s.c.ServletWebServerApplicationContext - Root WebApplicationContext: initialization completed in 897 ms
2025-08-16 11:12:39 [restartedMain] DEBUG c.U.U.s.JwtAuthenticationFilter - Filter 'jwtAuthenticationFilter' configured for use
2025-08-16 11:12:39 [restartedMain] INFO  o.h.jpa.internal.util.LogHelper - HHH000204: Processing PersistenceUnitInfo [name: default]
2025-08-16 11:12:39 [restartedMain] INFO  org.hibernate.Version - HHH000412: Hibernate ORM core version 6.6.22.Final
2025-08-16 11:12:39 [restartedMain] INFO  o.h.c.i.RegionFactoryInitiator - HHH000026: Second-level cache disabled
2025-08-16 11:12:39 [restartedMain] INFO  o.s.o.j.p.SpringPersistenceUnitInfo - No LoadTimeWeaver setup: ignoring JPA class transformer
2025-08-16 11:12:40 [restartedMain] INFO  com.zaxxer.hikari.HikariDataSource - HikariPool-1 - Starting...
2025-08-16 11:12:40 [restartedMain] INFO  com.zaxxer.hikari.pool.HikariPool - HikariPool-1 - Added connection org.postgresql.jdbc.PgConnection@752ed3e4
2025-08-16 11:12:40 [restartedMain] INFO  com.zaxxer.hikari.HikariDataSource - HikariPool-1 - Start completed.
2025-08-16 11:12:40 [restartedMain] WARN  org.hibernate.orm.deprecation - HHH90000025: PostgreSQLDialect does not need to be specified explicitly using 'hibernate.dialect' (remove the property setting and it will be selected by default)
2025-08-16 11:12:40 [restartedMain] INFO  o.hibernate.orm.connections.pooling - HHH10001005: Database info:
	Database JDBC URL [Connecting through datasource 'HikariDataSource (HikariPool-1)']
	Database driver: undefined/unknown
	Database version: 14.18
	Autocommit mode: undefined/unknown
	Isolation level: undefined/unknown
	Minimum pool size: undefined/unknown
	Maximum pool size: undefined/unknown
2025-08-16 11:12:40 [restartedMain] INFO  o.h.e.t.j.p.i.JtaPlatformInitiator - HHH000489: No JTA platform available (set 'hibernate.transaction.jta.platform' to enable JTA platform integration)
2025-08-16 11:12:40 [restartedMain] INFO  o.s.o.j.LocalContainerEntityManagerFactoryBean - Initialized JPA EntityManagerFactory for persistence unit 'default'
2025-08-16 11:12:41 [restartedMain] INFO  o.s.s.c.a.a.c.InitializeUserDetailsBeanManagerConfigurer$InitializeUserDetailsManagerConfigurer - Global AuthenticationManager configured with UserDetailsService bean with name customUserDetailService
2025-08-16 11:12:41 [restartedMain] DEBUG o.s.s.a.p.PrePostAnnotationSecurityMetadataSource - @org.springframework.security.access.prepost.PreAuthorize("hasRole('ADMIN') or #id == authentication.principal.id") found on specific method: public org.springframework.http.ResponseEntity com.UsdtWallet.UsdtWallet.controller.UserController.updateUser(java.lang.Long,com.UsdtWallet.UsdtWallet.model.dto.request.UserCreateRequest)
2025-08-16 11:12:41 [restartedMain] DEBUG o.s.s.a.m.DelegatingMethodSecurityMetadataSource - Caching method [CacheKey[com.UsdtWallet.UsdtWallet.controller.UserController; public org.springframework.http.ResponseEntity com.UsdtWallet.UsdtWallet.controller.UserController.updateUser(java.lang.Long,com.UsdtWallet.UsdtWallet.model.dto.request.UserCreateRequest)]] with attributes [[authorize: 'hasRole('ADMIN') or #id == authentication.principal.id', filter: 'null', filterTarget: 'null']]
2025-08-16 11:12:41 [restartedMain] DEBUG o.s.s.a.p.PrePostAnnotationSecurityMetadataSource - @org.springframework.security.access.prepost.PreAuthorize("hasRole('ADMIN')") found on specific method: public org.springframework.http.ResponseEntity com.UsdtWallet.UsdtWallet.controller.UserController.createUser(com.UsdtWallet.UsdtWallet.model.dto.request.UserCreateRequest) throws org.apache.coyote.BadRequestException
2025-08-16 11:12:41 [restartedMain] DEBUG o.s.s.a.m.DelegatingMethodSecurityMetadataSource - Caching method [CacheKey[com.UsdtWallet.UsdtWallet.controller.UserController; public org.springframework.http.ResponseEntity com.UsdtWallet.UsdtWallet.controller.UserController.createUser(com.UsdtWallet.UsdtWallet.model.dto.request.UserCreateRequest) throws org.apache.coyote.BadRequestException]] with attributes [[authorize: 'hasRole('ADMIN')', filter: 'null', filterTarget: 'null']]
2025-08-16 11:12:41 [restartedMain] DEBUG o.s.s.a.p.PrePostAnnotationSecurityMetadataSource - @org.springframework.security.access.prepost.PreAuthorize("hasRole('ADMIN') or #id == authentication.principal.id") found on specific method: public org.springframework.http.ResponseEntity com.UsdtWallet.UsdtWallet.controller.UserController.getUserById(java.util.UUID)
2025-08-16 11:12:41 [restartedMain] DEBUG o.s.s.a.m.DelegatingMethodSecurityMetadataSource - Caching method [CacheKey[com.UsdtWallet.UsdtWallet.controller.UserController; public org.springframework.http.ResponseEntity com.UsdtWallet.UsdtWallet.controller.UserController.getUserById(java.util.UUID)]] with attributes [[authorize: 'hasRole('ADMIN') or #id == authentication.principal.id', filter: 'null', filterTarget: 'null']]
2025-08-16 11:12:41 [restartedMain] DEBUG o.s.s.a.p.PrePostAnnotationSecurityMetadataSource - @org.springframework.security.access.prepost.PreAuthorize("hasRole('ADMIN')") found on specific method: public org.springframework.http.ResponseEntity com.UsdtWallet.UsdtWallet.controller.UserController.searchUsers(java.lang.String,int,int)
2025-08-16 11:12:41 [restartedMain] DEBUG o.s.s.a.m.DelegatingMethodSecurityMetadataSource - Caching method [CacheKey[com.UsdtWallet.UsdtWallet.controller.UserController; public org.springframework.http.ResponseEntity com.UsdtWallet.UsdtWallet.controller.UserController.searchUsers(java.lang.String,int,int)]] with attributes [[authorize: 'hasRole('ADMIN')', filter: 'null', filterTarget: 'null']]
2025-08-16 11:12:41 [restartedMain] DEBUG o.s.s.a.p.PrePostAnnotationSecurityMetadataSource - @org.springframework.security.access.prepost.PreAuthorize("hasRole('ADMIN')") found on specific method: public org.springframework.http.ResponseEntity com.UsdtWallet.UsdtWallet.controller.UserController.getAllUsers(int,int,java.lang.String,java.lang.String)
2025-08-16 11:12:41 [restartedMain] DEBUG o.s.s.a.m.DelegatingMethodSecurityMetadataSource - Caching method [CacheKey[com.UsdtWallet.UsdtWallet.controller.UserController; public org.springframework.http.ResponseEntity com.UsdtWallet.UsdtWallet.controller.UserController.getAllUsers(int,int,java.lang.String,java.lang.String)]] with attributes [[authorize: 'hasRole('ADMIN')', filter: 'null', filterTarget: 'null']]
2025-08-16 11:12:41 [restartedMain] DEBUG o.s.s.a.p.PrePostAnnotationSecurityMetadataSource - @org.springframework.security.access.prepost.PreAuthorize("hasRole('ADMIN')") found on specific method: public org.springframework.http.ResponseEntity com.UsdtWallet.UsdtWallet.controller.UserController.deleteUser(java.lang.Long)
2025-08-16 11:12:41 [restartedMain] DEBUG o.s.s.a.m.DelegatingMethodSecurityMetadataSource - Caching method [CacheKey[com.UsdtWallet.UsdtWallet.controller.UserController; public org.springframework.http.ResponseEntity com.UsdtWallet.UsdtWallet.controller.UserController.deleteUser(java.lang.Long)]] with attributes [[authorize: 'hasRole('ADMIN')', filter: 'null', filterTarget: 'null']]
2025-08-16 11:12:41 [restartedMain] WARN  o.s.b.a.o.j.JpaBaseConfiguration$JpaWebConfiguration - spring.jpa.open-in-view is enabled by default. Therefore, database queries may be performed during view rendering. Explicitly configure spring.jpa.open-in-view to disable this warning
2025-08-16 11:12:41 [restartedMain] DEBUG o.s.s.web.DefaultSecurityFilterChain - Will secure any request with filters: DisableEncodeUrlFilter, WebAsyncManagerIntegrationFilter, SecurityContextHolderFilter, HeaderWriterFilter, LogoutFilter, RequestCacheAwareFilter, SecurityContextHolderAwareRequestFilter, AnonymousAuthenticationFilter, SessionManagementFilter, ExceptionTranslationFilter, AuthorizationFilter
2025-08-16 11:12:41 [restartedMain] INFO  o.s.b.d.a.OptionalLiveReloadServer - LiveReload server is running on port 35729
2025-08-16 11:12:41 [restartedMain] INFO  o.s.b.w.e.tomcat.TomcatWebServer - Tomcat started on port 8080 (http) with context path '/'
2025-08-16 11:12:41 [restartedMain] INFO  c.U.UsdtWallet.UsdtWalletApplication - Started UsdtWalletApplication in 3.267 seconds (process running for 3.712)
2025-08-16 11:12:45 [http-nio-8080-exec-1] INFO  o.a.c.c.C.[Tomcat].[localhost].[/] - Initializing Spring DispatcherServlet 'dispatcherServlet'
2025-08-16 11:12:45 [http-nio-8080-exec-1] INFO  o.s.web.servlet.DispatcherServlet - Initializing Servlet 'dispatcherServlet'
2025-08-16 11:12:45 [http-nio-8080-exec-1] INFO  o.s.web.servlet.DispatcherServlet - Completed initialization in 1 ms
2025-08-16 11:12:45 [http-nio-8080-exec-1] DEBUG o.s.security.web.FilterChainProxy - Securing GET /swagger-ui.html
2025-08-16 11:12:45 [http-nio-8080-exec-1] DEBUG o.s.s.w.a.AnonymousAuthenticationFilter - Set SecurityContextHolder to anonymous SecurityContext
2025-08-16 11:12:45 [http-nio-8080-exec-1] DEBUG o.s.security.web.FilterChainProxy - Secured GET /swagger-ui.html
2025-08-16 11:12:45 [http-nio-8080-exec-5] DEBUG o.s.security.web.FilterChainProxy - Securing GET /favicon.ico
2025-08-16 11:12:45 [http-nio-8080-exec-5] DEBUG o.s.s.w.a.AnonymousAuthenticationFilter - Set SecurityContextHolder to anonymous SecurityContext
2025-08-16 11:13:11 [SpringApplicationShutdownHook] INFO  o.s.b.w.e.tomcat.GracefulShutdown - Commencing graceful shutdown. Waiting for active requests to complete
2025-08-16 11:13:11 [tomcat-shutdown] INFO  o.s.b.w.e.tomcat.GracefulShutdown - Graceful shutdown complete
2025-08-16 11:13:11 [SpringApplicationShutdownHook] INFO  o.s.o.j.LocalContainerEntityManagerFactoryBean - Closing JPA EntityManagerFactory for persistence unit 'default'
2025-08-16 11:13:11 [SpringApplicationShutdownHook] INFO  com.zaxxer.hikari.HikariDataSource - HikariPool-1 - Shutdown initiated...
2025-08-16 11:13:11 [SpringApplicationShutdownHook] INFO  com.zaxxer.hikari.HikariDataSource - HikariPool-1 - Shutdown completed.
2025-08-16 11:15:19 [restartedMain] INFO  c.U.UsdtWallet.UsdtWalletApplication - Starting UsdtWalletApplication using Java 24.0.1 with PID 9740 (C:\Users\Admin\Desktop\cripto-project\UsdtWallet\target\classes started by Admin in C:\Users\Admin\Desktop\cripto-project\UsdtWallet)
2025-08-16 11:15:19 [restartedMain] DEBUG c.U.UsdtWallet.UsdtWalletApplication - Running with Spring Boot v3.5.4, Spring v6.2.9
2025-08-16 11:15:19 [restartedMain] INFO  c.U.UsdtWallet.UsdtWalletApplication - The following 1 profile is active: "dev"
2025-08-16 11:15:19 [restartedMain] INFO  o.s.b.d.e.DevToolsPropertyDefaultsPostProcessor - Devtools property defaults active! Set 'spring.devtools.add-properties' to 'false' to disable
2025-08-16 11:15:19 [restartedMain] INFO  o.s.b.d.e.DevToolsPropertyDefaultsPostProcessor - For additional web related logging consider setting the 'logging.level.web' property to 'DEBUG'
2025-08-16 11:15:19 [restartedMain] INFO  o.s.d.r.c.RepositoryConfigurationDelegate - Bootstrapping Spring Data JPA repositories in DEFAULT mode.
2025-08-16 11:15:19 [restartedMain] INFO  o.s.d.r.c.RepositoryConfigurationDelegate - Finished Spring Data repository scanning in 22 ms. Found 1 JPA repository interface.
2025-08-16 11:15:20 [restartedMain] INFO  o.s.b.w.e.tomcat.TomcatWebServer - Tomcat initialized with port 8080 (http)
2025-08-16 11:15:20 [restartedMain] INFO  o.a.catalina.core.StandardService - Starting service [Tomcat]
2025-08-16 11:15:20 [restartedMain] INFO  o.a.catalina.core.StandardEngine - Starting Servlet engine: [Apache Tomcat/10.1.43]
2025-08-16 11:15:20 [restartedMain] INFO  o.a.c.c.C.[Tomcat].[localhost].[/] - Initializing Spring embedded WebApplicationContext
2025-08-16 11:15:20 [restartedMain] INFO  o.s.b.w.s.c.ServletWebServerApplicationContext - Root WebApplicationContext: initialization completed in 900 ms
2025-08-16 11:15:20 [restartedMain] DEBUG c.U.U.s.JwtAuthenticationFilter - Filter 'jwtAuthenticationFilter' configured for use
2025-08-16 11:15:20 [restartedMain] INFO  o.h.jpa.internal.util.LogHelper - HHH000204: Processing PersistenceUnitInfo [name: default]
2025-08-16 11:15:20 [restartedMain] INFO  org.hibernate.Version - HHH000412: Hibernate ORM core version 6.6.22.Final
2025-08-16 11:15:20 [restartedMain] INFO  o.h.c.i.RegionFactoryInitiator - HHH000026: Second-level cache disabled
2025-08-16 11:15:20 [restartedMain] INFO  o.s.o.j.p.SpringPersistenceUnitInfo - No LoadTimeWeaver setup: ignoring JPA class transformer
2025-08-16 11:15:20 [restartedMain] INFO  com.zaxxer.hikari.HikariDataSource - HikariPool-1 - Starting...
2025-08-16 11:15:21 [restartedMain] INFO  com.zaxxer.hikari.pool.HikariPool - HikariPool-1 - Added connection org.postgresql.jdbc.PgConnection@1b7b4152
2025-08-16 11:15:21 [restartedMain] INFO  com.zaxxer.hikari.HikariDataSource - HikariPool-1 - Start completed.
2025-08-16 11:15:21 [restartedMain] WARN  org.hibernate.orm.deprecation - HHH90000025: PostgreSQLDialect does not need to be specified explicitly using 'hibernate.dialect' (remove the property setting and it will be selected by default)
2025-08-16 11:15:21 [restartedMain] INFO  o.hibernate.orm.connections.pooling - HHH10001005: Database info:
	Database JDBC URL [Connecting through datasource 'HikariDataSource (HikariPool-1)']
	Database driver: undefined/unknown
	Database version: 14.18
	Autocommit mode: undefined/unknown
	Isolation level: undefined/unknown
	Minimum pool size: undefined/unknown
	Maximum pool size: undefined/unknown
2025-08-16 11:15:21 [restartedMain] INFO  o.h.e.t.j.p.i.JtaPlatformInitiator - HHH000489: No JTA platform available (set 'hibernate.transaction.jta.platform' to enable JTA platform integration)
2025-08-16 11:15:21 [restartedMain] INFO  o.s.o.j.LocalContainerEntityManagerFactoryBean - Initialized JPA EntityManagerFactory for persistence unit 'default'
2025-08-16 11:15:21 [restartedMain] INFO  o.s.s.c.a.a.c.InitializeUserDetailsBeanManagerConfigurer$InitializeUserDetailsManagerConfigurer - Global AuthenticationManager configured with UserDetailsService bean with name customUserDetailService
2025-08-16 11:15:21 [restartedMain] DEBUG o.s.s.a.p.PrePostAnnotationSecurityMetadataSource - @org.springframework.security.access.prepost.PreAuthorize("hasRole('ADMIN') or #id == authentication.principal.id") found on specific method: public org.springframework.http.ResponseEntity com.UsdtWallet.UsdtWallet.controller.UserController.updateUser(java.lang.Long,com.UsdtWallet.UsdtWallet.model.dto.request.UserCreateRequest)
2025-08-16 11:15:21 [restartedMain] DEBUG o.s.s.a.m.DelegatingMethodSecurityMetadataSource - Caching method [CacheKey[com.UsdtWallet.UsdtWallet.controller.UserController; public org.springframework.http.ResponseEntity com.UsdtWallet.UsdtWallet.controller.UserController.updateUser(java.lang.Long,com.UsdtWallet.UsdtWallet.model.dto.request.UserCreateRequest)]] with attributes [[authorize: 'hasRole('ADMIN') or #id == authentication.principal.id', filter: 'null', filterTarget: 'null']]
2025-08-16 11:15:21 [restartedMain] DEBUG o.s.s.a.p.PrePostAnnotationSecurityMetadataSource - @org.springframework.security.access.prepost.PreAuthorize("hasRole('ADMIN')") found on specific method: public org.springframework.http.ResponseEntity com.UsdtWallet.UsdtWallet.controller.UserController.createUser(com.UsdtWallet.UsdtWallet.model.dto.request.UserCreateRequest) throws org.apache.coyote.BadRequestException
2025-08-16 11:15:21 [restartedMain] DEBUG o.s.s.a.m.DelegatingMethodSecurityMetadataSource - Caching method [CacheKey[com.UsdtWallet.UsdtWallet.controller.UserController; public org.springframework.http.ResponseEntity com.UsdtWallet.UsdtWallet.controller.UserController.createUser(com.UsdtWallet.UsdtWallet.model.dto.request.UserCreateRequest) throws org.apache.coyote.BadRequestException]] with attributes [[authorize: 'hasRole('ADMIN')', filter: 'null', filterTarget: 'null']]
2025-08-16 11:15:21 [restartedMain] DEBUG o.s.s.a.p.PrePostAnnotationSecurityMetadataSource - @org.springframework.security.access.prepost.PreAuthorize("hasRole('ADMIN')") found on specific method: public org.springframework.http.ResponseEntity com.UsdtWallet.UsdtWallet.controller.UserController.deleteUser(java.lang.Long)
2025-08-16 11:15:21 [restartedMain] DEBUG o.s.s.a.m.DelegatingMethodSecurityMetadataSource - Caching method [CacheKey[com.UsdtWallet.UsdtWallet.controller.UserController; public org.springframework.http.ResponseEntity com.UsdtWallet.UsdtWallet.controller.UserController.deleteUser(java.lang.Long)]] with attributes [[authorize: 'hasRole('ADMIN')', filter: 'null', filterTarget: 'null']]
2025-08-16 11:15:21 [restartedMain] DEBUG o.s.s.a.p.PrePostAnnotationSecurityMetadataSource - @org.springframework.security.access.prepost.PreAuthorize("hasRole('ADMIN')") found on specific method: public org.springframework.http.ResponseEntity com.UsdtWallet.UsdtWallet.controller.UserController.getAllUsers(int,int,java.lang.String,java.lang.String)
2025-08-16 11:15:21 [restartedMain] DEBUG o.s.s.a.m.DelegatingMethodSecurityMetadataSource - Caching method [CacheKey[com.UsdtWallet.UsdtWallet.controller.UserController; public org.springframework.http.ResponseEntity com.UsdtWallet.UsdtWallet.controller.UserController.getAllUsers(int,int,java.lang.String,java.lang.String)]] with attributes [[authorize: 'hasRole('ADMIN')', filter: 'null', filterTarget: 'null']]
2025-08-16 11:15:21 [restartedMain] DEBUG o.s.s.a.p.PrePostAnnotationSecurityMetadataSource - @org.springframework.security.access.prepost.PreAuthorize("hasRole('ADMIN') or #id == authentication.principal.id") found on specific method: public org.springframework.http.ResponseEntity com.UsdtWallet.UsdtWallet.controller.UserController.getUserById(java.util.UUID)
2025-08-16 11:15:21 [restartedMain] DEBUG o.s.s.a.m.DelegatingMethodSecurityMetadataSource - Caching method [CacheKey[com.UsdtWallet.UsdtWallet.controller.UserController; public org.springframework.http.ResponseEntity com.UsdtWallet.UsdtWallet.controller.UserController.getUserById(java.util.UUID)]] with attributes [[authorize: 'hasRole('ADMIN') or #id == authentication.principal.id', filter: 'null', filterTarget: 'null']]
2025-08-16 11:15:21 [restartedMain] DEBUG o.s.s.a.p.PrePostAnnotationSecurityMetadataSource - @org.springframework.security.access.prepost.PreAuthorize("hasRole('ADMIN')") found on specific method: public org.springframework.http.ResponseEntity com.UsdtWallet.UsdtWallet.controller.UserController.searchUsers(java.lang.String,int,int)
2025-08-16 11:15:21 [restartedMain] DEBUG o.s.s.a.m.DelegatingMethodSecurityMetadataSource - Caching method [CacheKey[com.UsdtWallet.UsdtWallet.controller.UserController; public org.springframework.http.ResponseEntity com.UsdtWallet.UsdtWallet.controller.UserController.searchUsers(java.lang.String,int,int)]] with attributes [[authorize: 'hasRole('ADMIN')', filter: 'null', filterTarget: 'null']]
2025-08-16 11:15:22 [restartedMain] WARN  o.s.b.a.o.j.JpaBaseConfiguration$JpaWebConfiguration - spring.jpa.open-in-view is enabled by default. Therefore, database queries may be performed during view rendering. Explicitly configure spring.jpa.open-in-view to disable this warning
2025-08-16 11:15:22 [restartedMain] DEBUG o.s.s.web.DefaultSecurityFilterChain - Will secure any request with filters: DisableEncodeUrlFilter, WebAsyncManagerIntegrationFilter, SecurityContextHolderFilter, HeaderWriterFilter, LogoutFilter, RequestCacheAwareFilter, SecurityContextHolderAwareRequestFilter, AnonymousAuthenticationFilter, SessionManagementFilter, ExceptionTranslationFilter, AuthorizationFilter
2025-08-16 11:15:22 [restartedMain] INFO  o.s.b.d.a.OptionalLiveReloadServer - LiveReload server is running on port 35729
2025-08-16 11:15:22 [restartedMain] INFO  o.s.b.w.e.tomcat.TomcatWebServer - Tomcat started on port 8080 (http) with context path '/'
2025-08-16 11:15:22 [restartedMain] INFO  c.U.UsdtWallet.UsdtWalletApplication - Started UsdtWalletApplication in 3.333 seconds (process running for 3.832)
2025-08-16 11:15:27 [http-nio-8080-exec-1] INFO  o.a.c.c.C.[Tomcat].[localhost].[/] - Initializing Spring DispatcherServlet 'dispatcherServlet'
2025-08-16 11:15:27 [http-nio-8080-exec-1] INFO  o.s.web.servlet.DispatcherServlet - Initializing Servlet 'dispatcherServlet'
2025-08-16 11:15:27 [http-nio-8080-exec-1] INFO  o.s.web.servlet.DispatcherServlet - Completed initialization in 1 ms
2025-08-16 11:15:27 [http-nio-8080-exec-1] DEBUG o.s.security.web.FilterChainProxy - Securing GET /swagger-ui/index.html
2025-08-16 11:15:27 [http-nio-8080-exec-1] DEBUG o.s.s.w.a.AnonymousAuthenticationFilter - Set SecurityContextHolder to anonymous SecurityContext
2025-08-16 11:15:27 [http-nio-8080-exec-1] DEBUG o.s.security.web.FilterChainProxy - Secured GET /swagger-ui/index.html
2025-08-16 11:15:28 [http-nio-8080-exec-2] DEBUG o.s.security.web.FilterChainProxy - Securing GET /favicon.ico
2025-08-16 11:15:28 [http-nio-8080-exec-2] DEBUG o.s.s.w.a.AnonymousAuthenticationFilter - Set SecurityContextHolder to anonymous SecurityContext
2025-08-16 11:16:15 [SpringApplicationShutdownHook] INFO  o.s.b.w.e.tomcat.GracefulShutdown - Commencing graceful shutdown. Waiting for active requests to complete
2025-08-16 11:16:15 [tomcat-shutdown] INFO  o.s.b.w.e.tomcat.GracefulShutdown - Graceful shutdown complete
2025-08-16 11:16:15 [SpringApplicationShutdownHook] INFO  o.s.o.j.LocalContainerEntityManagerFactoryBean - Closing JPA EntityManagerFactory for persistence unit 'default'
2025-08-16 11:16:15 [SpringApplicationShutdownHook] INFO  com.zaxxer.hikari.HikariDataSource - HikariPool-1 - Shutdown initiated...
2025-08-16 11:16:15 [SpringApplicationShutdownHook] INFO  com.zaxxer.hikari.HikariDataSource - HikariPool-1 - Shutdown completed.
2025-08-16 11:17:07 [restartedMain] INFO  c.U.UsdtWallet.UsdtWalletApplication - Starting UsdtWalletApplication using Java 24.0.1 with PID 24680 (C:\Users\Admin\Desktop\cripto-project\UsdtWallet\target\classes started by Admin in C:\Users\Admin\Desktop\cripto-project\UsdtWallet)
2025-08-16 11:17:07 [restartedMain] DEBUG c.U.UsdtWallet.UsdtWalletApplication - Running with Spring Boot v3.5.4, Spring v6.2.9
2025-08-16 11:17:07 [restartedMain] INFO  c.U.UsdtWallet.UsdtWalletApplication - The following 1 profile is active: "dev"
2025-08-16 11:17:07 [restartedMain] INFO  o.s.b.d.e.DevToolsPropertyDefaultsPostProcessor - Devtools property defaults active! Set 'spring.devtools.add-properties' to 'false' to disable
2025-08-16 11:17:07 [restartedMain] INFO  o.s.b.d.e.DevToolsPropertyDefaultsPostProcessor - For additional web related logging consider setting the 'logging.level.web' property to 'DEBUG'
2025-08-16 11:17:08 [restartedMain] INFO  o.s.d.r.c.RepositoryConfigurationDelegate - Bootstrapping Spring Data JPA repositories in DEFAULT mode.
2025-08-16 11:17:08 [restartedMain] INFO  o.s.d.r.c.RepositoryConfigurationDelegate - Finished Spring Data repository scanning in 22 ms. Found 1 JPA repository interface.
2025-08-16 11:17:08 [restartedMain] INFO  o.s.b.w.e.tomcat.TomcatWebServer - Tomcat initialized with port 8080 (http)
2025-08-16 11:17:08 [restartedMain] INFO  o.a.catalina.core.StandardService - Starting service [Tomcat]
2025-08-16 11:17:08 [restartedMain] INFO  o.a.catalina.core.StandardEngine - Starting Servlet engine: [Apache Tomcat/10.1.43]
2025-08-16 11:17:08 [restartedMain] INFO  o.a.c.c.C.[Tomcat].[localhost].[/] - Initializing Spring embedded WebApplicationContext
2025-08-16 11:17:08 [restartedMain] INFO  o.s.b.w.s.c.ServletWebServerApplicationContext - Root WebApplicationContext: initialization completed in 919 ms
2025-08-16 11:17:08 [restartedMain] DEBUG c.U.U.s.JwtAuthenticationFilter - Filter 'jwtAuthenticationFilter' configured for use
2025-08-16 11:17:08 [restartedMain] INFO  o.h.jpa.internal.util.LogHelper - HHH000204: Processing PersistenceUnitInfo [name: default]
2025-08-16 11:17:08 [restartedMain] INFO  org.hibernate.Version - HHH000412: Hibernate ORM core version 6.6.22.Final
2025-08-16 11:17:08 [restartedMain] INFO  o.h.c.i.RegionFactoryInitiator - HHH000026: Second-level cache disabled
2025-08-16 11:17:08 [restartedMain] INFO  o.s.o.j.p.SpringPersistenceUnitInfo - No LoadTimeWeaver setup: ignoring JPA class transformer
2025-08-16 11:17:08 [restartedMain] INFO  com.zaxxer.hikari.HikariDataSource - HikariPool-1 - Starting...
2025-08-16 11:17:09 [restartedMain] INFO  com.zaxxer.hikari.pool.HikariPool - HikariPool-1 - Added connection org.postgresql.jdbc.PgConnection@1b7b4152
2025-08-16 11:17:09 [restartedMain] INFO  com.zaxxer.hikari.HikariDataSource - HikariPool-1 - Start completed.
2025-08-16 11:17:09 [restartedMain] WARN  org.hibernate.orm.deprecation - HHH90000025: PostgreSQLDialect does not need to be specified explicitly using 'hibernate.dialect' (remove the property setting and it will be selected by default)
2025-08-16 11:17:09 [restartedMain] INFO  o.hibernate.orm.connections.pooling - HHH10001005: Database info:
	Database JDBC URL [Connecting through datasource 'HikariDataSource (HikariPool-1)']
	Database driver: undefined/unknown
	Database version: 14.18
	Autocommit mode: undefined/unknown
	Isolation level: undefined/unknown
	Minimum pool size: undefined/unknown
	Maximum pool size: undefined/unknown
2025-08-16 11:17:09 [restartedMain] INFO  o.h.e.t.j.p.i.JtaPlatformInitiator - HHH000489: No JTA platform available (set 'hibernate.transaction.jta.platform' to enable JTA platform integration)
2025-08-16 11:17:10 [restartedMain] INFO  o.s.o.j.LocalContainerEntityManagerFactoryBean - Initialized JPA EntityManagerFactory for persistence unit 'default'
2025-08-16 11:17:10 [restartedMain] INFO  o.s.s.c.a.a.c.InitializeUserDetailsBeanManagerConfigurer$InitializeUserDetailsManagerConfigurer - Global AuthenticationManager configured with UserDetailsService bean with name customUserDetailService
2025-08-16 11:17:10 [restartedMain] DEBUG o.s.s.a.p.PrePostAnnotationSecurityMetadataSource - @org.springframework.security.access.prepost.PreAuthorize("hasRole('ADMIN') or #id == authentication.principal.id") found on specific method: public org.springframework.http.ResponseEntity com.UsdtWallet.UsdtWallet.controller.UserController.updateUser(java.lang.Long,com.UsdtWallet.UsdtWallet.model.dto.request.UserCreateRequest)
2025-08-16 11:17:10 [restartedMain] DEBUG o.s.s.a.m.DelegatingMethodSecurityMetadataSource - Caching method [CacheKey[com.UsdtWallet.UsdtWallet.controller.UserController; public org.springframework.http.ResponseEntity com.UsdtWallet.UsdtWallet.controller.UserController.updateUser(java.lang.Long,com.UsdtWallet.UsdtWallet.model.dto.request.UserCreateRequest)]] with attributes [[authorize: 'hasRole('ADMIN') or #id == authentication.principal.id', filter: 'null', filterTarget: 'null']]
2025-08-16 11:17:10 [restartedMain] DEBUG o.s.s.a.p.PrePostAnnotationSecurityMetadataSource - @org.springframework.security.access.prepost.PreAuthorize("hasRole('ADMIN')") found on specific method: public org.springframework.http.ResponseEntity com.UsdtWallet.UsdtWallet.controller.UserController.deleteUser(java.lang.Long)
2025-08-16 11:17:10 [restartedMain] DEBUG o.s.s.a.m.DelegatingMethodSecurityMetadataSource - Caching method [CacheKey[com.UsdtWallet.UsdtWallet.controller.UserController; public org.springframework.http.ResponseEntity com.UsdtWallet.UsdtWallet.controller.UserController.deleteUser(java.lang.Long)]] with attributes [[authorize: 'hasRole('ADMIN')', filter: 'null', filterTarget: 'null']]
2025-08-16 11:17:10 [restartedMain] DEBUG o.s.s.a.p.PrePostAnnotationSecurityMetadataSource - @org.springframework.security.access.prepost.PreAuthorize("hasRole('ADMIN')") found on specific method: public org.springframework.http.ResponseEntity com.UsdtWallet.UsdtWallet.controller.UserController.createUser(com.UsdtWallet.UsdtWallet.model.dto.request.UserCreateRequest) throws org.apache.coyote.BadRequestException
2025-08-16 11:17:10 [restartedMain] DEBUG o.s.s.a.m.DelegatingMethodSecurityMetadataSource - Caching method [CacheKey[com.UsdtWallet.UsdtWallet.controller.UserController; public org.springframework.http.ResponseEntity com.UsdtWallet.UsdtWallet.controller.UserController.createUser(com.UsdtWallet.UsdtWallet.model.dto.request.UserCreateRequest) throws org.apache.coyote.BadRequestException]] with attributes [[authorize: 'hasRole('ADMIN')', filter: 'null', filterTarget: 'null']]
2025-08-16 11:17:10 [restartedMain] DEBUG o.s.s.a.p.PrePostAnnotationSecurityMetadataSource - @org.springframework.security.access.prepost.PreAuthorize("hasRole('ADMIN')") found on specific method: public org.springframework.http.ResponseEntity com.UsdtWallet.UsdtWallet.controller.UserController.getAllUsers(int,int,java.lang.String,java.lang.String)
2025-08-16 11:17:10 [restartedMain] DEBUG o.s.s.a.m.DelegatingMethodSecurityMetadataSource - Caching method [CacheKey[com.UsdtWallet.UsdtWallet.controller.UserController; public org.springframework.http.ResponseEntity com.UsdtWallet.UsdtWallet.controller.UserController.getAllUsers(int,int,java.lang.String,java.lang.String)]] with attributes [[authorize: 'hasRole('ADMIN')', filter: 'null', filterTarget: 'null']]
2025-08-16 11:17:10 [restartedMain] DEBUG o.s.s.a.p.PrePostAnnotationSecurityMetadataSource - @org.springframework.security.access.prepost.PreAuthorize("hasRole('ADMIN') or #id == authentication.principal.id") found on specific method: public org.springframework.http.ResponseEntity com.UsdtWallet.UsdtWallet.controller.UserController.getUserById(java.util.UUID)
2025-08-16 11:17:10 [restartedMain] DEBUG o.s.s.a.m.DelegatingMethodSecurityMetadataSource - Caching method [CacheKey[com.UsdtWallet.UsdtWallet.controller.UserController; public org.springframework.http.ResponseEntity com.UsdtWallet.UsdtWallet.controller.UserController.getUserById(java.util.UUID)]] with attributes [[authorize: 'hasRole('ADMIN') or #id == authentication.principal.id', filter: 'null', filterTarget: 'null']]
2025-08-16 11:17:10 [restartedMain] DEBUG o.s.s.a.p.PrePostAnnotationSecurityMetadataSource - @org.springframework.security.access.prepost.PreAuthorize("hasRole('ADMIN')") found on specific method: public org.springframework.http.ResponseEntity com.UsdtWallet.UsdtWallet.controller.UserController.searchUsers(java.lang.String,int,int)
2025-08-16 11:17:10 [restartedMain] DEBUG o.s.s.a.m.DelegatingMethodSecurityMetadataSource - Caching method [CacheKey[com.UsdtWallet.UsdtWallet.controller.UserController; public org.springframework.http.ResponseEntity com.UsdtWallet.UsdtWallet.controller.UserController.searchUsers(java.lang.String,int,int)]] with attributes [[authorize: 'hasRole('ADMIN')', filter: 'null', filterTarget: 'null']]
2025-08-16 11:17:10 [restartedMain] WARN  o.s.b.a.o.j.JpaBaseConfiguration$JpaWebConfiguration - spring.jpa.open-in-view is enabled by default. Therefore, database queries may be performed during view rendering. Explicitly configure spring.jpa.open-in-view to disable this warning
2025-08-16 11:17:10 [restartedMain] DEBUG o.s.s.web.DefaultSecurityFilterChain - Will secure any request with filters: DisableEncodeUrlFilter, WebAsyncManagerIntegrationFilter, SecurityContextHolderFilter, HeaderWriterFilter, LogoutFilter, RequestCacheAwareFilter, SecurityContextHolderAwareRequestFilter, AnonymousAuthenticationFilter, SessionManagementFilter, ExceptionTranslationFilter, AuthorizationFilter
2025-08-16 11:17:10 [restartedMain] INFO  o.s.b.d.a.OptionalLiveReloadServer - LiveReload server is running on port 35729
2025-08-16 11:17:10 [restartedMain] INFO  o.s.b.w.e.tomcat.TomcatWebServer - Tomcat started on port 8080 (http) with context path '/'
2025-08-16 11:17:10 [restartedMain] INFO  c.U.UsdtWallet.UsdtWalletApplication - Started UsdtWalletApplication in 3.39 seconds (process running for 3.896)
2025-08-16 11:17:32 [http-nio-8080-exec-5] INFO  o.a.c.c.C.[Tomcat].[localhost].[/] - Initializing Spring DispatcherServlet 'dispatcherServlet'
2025-08-16 11:17:32 [http-nio-8080-exec-5] INFO  o.s.web.servlet.DispatcherServlet - Initializing Servlet 'dispatcherServlet'
2025-08-16 11:17:32 [http-nio-8080-exec-5] INFO  o.s.web.servlet.DispatcherServlet - Completed initialization in 1 ms
2025-08-16 11:17:32 [http-nio-8080-exec-5] DEBUG o.s.security.web.FilterChainProxy - Securing GET /api-docs
2025-08-16 11:17:32 [http-nio-8080-exec-5] DEBUG o.s.s.w.a.AnonymousAuthenticationFilter - Set SecurityContextHolder to anonymous SecurityContext
2025-08-16 11:17:32 [http-nio-8080-exec-1] DEBUG o.s.security.web.FilterChainProxy - Securing GET /favicon.ico
2025-08-16 11:17:32 [http-nio-8080-exec-1] DEBUG o.s.s.w.a.AnonymousAuthenticationFilter - Set SecurityContextHolder to anonymous SecurityContext
2025-08-16 11:20:23 [SpringApplicationShutdownHook] INFO  o.s.b.w.e.tomcat.GracefulShutdown - Commencing graceful shutdown. Waiting for active requests to complete
2025-08-16 11:20:23 [tomcat-shutdown] INFO  o.s.b.w.e.tomcat.GracefulShutdown - Graceful shutdown complete
2025-08-16 11:20:23 [SpringApplicationShutdownHook] INFO  o.s.o.j.LocalContainerEntityManagerFactoryBean - Closing JPA EntityManagerFactory for persistence unit 'default'
2025-08-16 11:20:23 [SpringApplicationShutdownHook] INFO  com.zaxxer.hikari.HikariDataSource - HikariPool-1 - Shutdown initiated...
2025-08-16 11:20:23 [SpringApplicationShutdownHook] INFO  com.zaxxer.hikari.HikariDataSource - HikariPool-1 - Shutdown completed.
2025-08-16 11:20:27 [restartedMain] INFO  c.U.UsdtWallet.UsdtWalletApplication - Starting UsdtWalletApplication using Java 24.0.1 with PID 18040 (C:\Users\Admin\Desktop\cripto-project\UsdtWallet\target\classes started by Admin in C:\Users\Admin\Desktop\cripto-project\UsdtWallet)
2025-08-16 11:20:27 [restartedMain] DEBUG c.U.UsdtWallet.UsdtWalletApplication - Running with Spring Boot v3.5.4, Spring v6.2.9
2025-08-16 11:20:27 [restartedMain] INFO  c.U.UsdtWallet.UsdtWalletApplication - The following 1 profile is active: "dev"
2025-08-16 11:20:27 [restartedMain] INFO  o.s.b.d.e.DevToolsPropertyDefaultsPostProcessor - Devtools property defaults active! Set 'spring.devtools.add-properties' to 'false' to disable
2025-08-16 11:20:27 [restartedMain] INFO  o.s.b.d.e.DevToolsPropertyDefaultsPostProcessor - For additional web related logging consider setting the 'logging.level.web' property to 'DEBUG'
2025-08-16 11:20:27 [restartedMain] INFO  o.s.d.r.c.RepositoryConfigurationDelegate - Bootstrapping Spring Data JPA repositories in DEFAULT mode.
2025-08-16 11:20:27 [restartedMain] INFO  o.s.d.r.c.RepositoryConfigurationDelegate - Finished Spring Data repository scanning in 22 ms. Found 1 JPA repository interface.
2025-08-16 11:20:28 [restartedMain] INFO  o.s.b.w.e.tomcat.TomcatWebServer - Tomcat initialized with port 8080 (http)
2025-08-16 11:20:28 [restartedMain] INFO  o.a.catalina.core.StandardService - Starting service [Tomcat]
2025-08-16 11:20:28 [restartedMain] INFO  o.a.catalina.core.StandardEngine - Starting Servlet engine: [Apache Tomcat/10.1.43]
2025-08-16 11:20:28 [restartedMain] INFO  o.a.c.c.C.[Tomcat].[localhost].[/] - Initializing Spring embedded WebApplicationContext
2025-08-16 11:20:28 [restartedMain] INFO  o.s.b.w.s.c.ServletWebServerApplicationContext - Root WebApplicationContext: initialization completed in 877 ms
2025-08-16 11:20:28 [restartedMain] DEBUG c.U.U.s.JwtAuthenticationFilter - Filter 'jwtAuthenticationFilter' configured for use
2025-08-16 11:20:28 [restartedMain] INFO  o.h.jpa.internal.util.LogHelper - HHH000204: Processing PersistenceUnitInfo [name: default]
2025-08-16 11:20:28 [restartedMain] INFO  org.hibernate.Version - HHH000412: Hibernate ORM core version 6.6.22.Final
2025-08-16 11:20:28 [restartedMain] INFO  o.h.c.i.RegionFactoryInitiator - HHH000026: Second-level cache disabled
2025-08-16 11:20:28 [restartedMain] INFO  o.s.o.j.p.SpringPersistenceUnitInfo - No LoadTimeWeaver setup: ignoring JPA class transformer
2025-08-16 11:20:28 [restartedMain] INFO  com.zaxxer.hikari.HikariDataSource - HikariPool-1 - Starting...
2025-08-16 11:20:28 [restartedMain] INFO  com.zaxxer.hikari.pool.HikariPool - HikariPool-1 - Added connection org.postgresql.jdbc.PgConnection@73d235d9
2025-08-16 11:20:28 [restartedMain] INFO  com.zaxxer.hikari.HikariDataSource - HikariPool-1 - Start completed.
2025-08-16 11:20:28 [restartedMain] WARN  org.hibernate.orm.deprecation - HHH90000025: PostgreSQLDialect does not need to be specified explicitly using 'hibernate.dialect' (remove the property setting and it will be selected by default)
2025-08-16 11:20:28 [restartedMain] INFO  o.hibernate.orm.connections.pooling - HHH10001005: Database info:
	Database JDBC URL [Connecting through datasource 'HikariDataSource (HikariPool-1)']
	Database driver: undefined/unknown
	Database version: 14.18
	Autocommit mode: undefined/unknown
	Isolation level: undefined/unknown
	Minimum pool size: undefined/unknown
	Maximum pool size: undefined/unknown
2025-08-16 11:20:29 [restartedMain] INFO  o.h.e.t.j.p.i.JtaPlatformInitiator - HHH000489: No JTA platform available (set 'hibernate.transaction.jta.platform' to enable JTA platform integration)
2025-08-16 11:20:29 [restartedMain] INFO  o.s.o.j.LocalContainerEntityManagerFactoryBean - Initialized JPA EntityManagerFactory for persistence unit 'default'
2025-08-16 11:20:29 [restartedMain] INFO  o.s.s.c.a.a.c.InitializeUserDetailsBeanManagerConfigurer$InitializeUserDetailsManagerConfigurer - Global AuthenticationManager configured with UserDetailsService bean with name customUserDetailService
2025-08-16 11:20:29 [restartedMain] DEBUG o.s.s.a.p.PrePostAnnotationSecurityMetadataSource - @org.springframework.security.access.prepost.PreAuthorize("hasRole('ADMIN') or #id == authentication.principal.id") found on specific method: public org.springframework.http.ResponseEntity com.UsdtWallet.UsdtWallet.controller.UserController.getUserById(java.util.UUID)
2025-08-16 11:20:29 [restartedMain] DEBUG o.s.s.a.m.DelegatingMethodSecurityMetadataSource - Caching method [CacheKey[com.UsdtWallet.UsdtWallet.controller.UserController; public org.springframework.http.ResponseEntity com.UsdtWallet.UsdtWallet.controller.UserController.getUserById(java.util.UUID)]] with attributes [[authorize: 'hasRole('ADMIN') or #id == authentication.principal.id', filter: 'null', filterTarget: 'null']]
2025-08-16 11:20:29 [restartedMain] DEBUG o.s.s.a.p.PrePostAnnotationSecurityMetadataSource - @org.springframework.security.access.prepost.PreAuthorize("hasRole('ADMIN')") found on specific method: public org.springframework.http.ResponseEntity com.UsdtWallet.UsdtWallet.controller.UserController.getAllUsers(int,int,java.lang.String,java.lang.String)
2025-08-16 11:20:29 [restartedMain] DEBUG o.s.s.a.m.DelegatingMethodSecurityMetadataSource - Caching method [CacheKey[com.UsdtWallet.UsdtWallet.controller.UserController; public org.springframework.http.ResponseEntity com.UsdtWallet.UsdtWallet.controller.UserController.getAllUsers(int,int,java.lang.String,java.lang.String)]] with attributes [[authorize: 'hasRole('ADMIN')', filter: 'null', filterTarget: 'null']]
2025-08-16 11:20:29 [restartedMain] DEBUG o.s.s.a.p.PrePostAnnotationSecurityMetadataSource - @org.springframework.security.access.prepost.PreAuthorize("hasRole('ADMIN')") found on specific method: public org.springframework.http.ResponseEntity com.UsdtWallet.UsdtWallet.controller.UserController.searchUsers(java.lang.String,int,int)
2025-08-16 11:20:29 [restartedMain] DEBUG o.s.s.a.m.DelegatingMethodSecurityMetadataSource - Caching method [CacheKey[com.UsdtWallet.UsdtWallet.controller.UserController; public org.springframework.http.ResponseEntity com.UsdtWallet.UsdtWallet.controller.UserController.searchUsers(java.lang.String,int,int)]] with attributes [[authorize: 'hasRole('ADMIN')', filter: 'null', filterTarget: 'null']]
2025-08-16 11:20:29 [restartedMain] DEBUG o.s.s.a.p.PrePostAnnotationSecurityMetadataSource - @org.springframework.security.access.prepost.PreAuthorize("hasRole('ADMIN') or #id == authentication.principal.id") found on specific method: public org.springframework.http.ResponseEntity com.UsdtWallet.UsdtWallet.controller.UserController.updateUser(java.lang.Long,com.UsdtWallet.UsdtWallet.model.dto.request.UserCreateRequest)
2025-08-16 11:20:29 [restartedMain] DEBUG o.s.s.a.m.DelegatingMethodSecurityMetadataSource - Caching method [CacheKey[com.UsdtWallet.UsdtWallet.controller.UserController; public org.springframework.http.ResponseEntity com.UsdtWallet.UsdtWallet.controller.UserController.updateUser(java.lang.Long,com.UsdtWallet.UsdtWallet.model.dto.request.UserCreateRequest)]] with attributes [[authorize: 'hasRole('ADMIN') or #id == authentication.principal.id', filter: 'null', filterTarget: 'null']]
2025-08-16 11:20:29 [restartedMain] DEBUG o.s.s.a.p.PrePostAnnotationSecurityMetadataSource - @org.springframework.security.access.prepost.PreAuthorize("hasRole('ADMIN')") found on specific method: public org.springframework.http.ResponseEntity com.UsdtWallet.UsdtWallet.controller.UserController.deleteUser(java.lang.Long)
2025-08-16 11:20:29 [restartedMain] DEBUG o.s.s.a.m.DelegatingMethodSecurityMetadataSource - Caching method [CacheKey[com.UsdtWallet.UsdtWallet.controller.UserController; public org.springframework.http.ResponseEntity com.UsdtWallet.UsdtWallet.controller.UserController.deleteUser(java.lang.Long)]] with attributes [[authorize: 'hasRole('ADMIN')', filter: 'null', filterTarget: 'null']]
2025-08-16 11:20:29 [restartedMain] DEBUG o.s.s.a.p.PrePostAnnotationSecurityMetadataSource - @org.springframework.security.access.prepost.PreAuthorize("hasRole('ADMIN')") found on specific method: public org.springframework.http.ResponseEntity com.UsdtWallet.UsdtWallet.controller.UserController.createUser(com.UsdtWallet.UsdtWallet.model.dto.request.UserCreateRequest) throws org.apache.coyote.BadRequestException
2025-08-16 11:20:29 [restartedMain] DEBUG o.s.s.a.m.DelegatingMethodSecurityMetadataSource - Caching method [CacheKey[com.UsdtWallet.UsdtWallet.controller.UserController; public org.springframework.http.ResponseEntity com.UsdtWallet.UsdtWallet.controller.UserController.createUser(com.UsdtWallet.UsdtWallet.model.dto.request.UserCreateRequest) throws org.apache.coyote.BadRequestException]] with attributes [[authorize: 'hasRole('ADMIN')', filter: 'null', filterTarget: 'null']]
2025-08-16 11:20:29 [restartedMain] WARN  o.s.b.a.o.j.JpaBaseConfiguration$JpaWebConfiguration - spring.jpa.open-in-view is enabled by default. Therefore, database queries may be performed during view rendering. Explicitly configure spring.jpa.open-in-view to disable this warning
2025-08-16 11:20:29 [restartedMain] DEBUG o.s.s.web.DefaultSecurityFilterChain - Will secure any request with filters: DisableEncodeUrlFilter, WebAsyncManagerIntegrationFilter, SecurityContextHolderFilter, HeaderWriterFilter, LogoutFilter, RequestCacheAwareFilter, SecurityContextHolderAwareRequestFilter, AnonymousAuthenticationFilter, SessionManagementFilter, ExceptionTranslationFilter, AuthorizationFilter
2025-08-16 11:20:30 [restartedMain] INFO  o.s.b.d.a.OptionalLiveReloadServer - LiveReload server is running on port 35729
2025-08-16 11:20:30 [restartedMain] INFO  o.s.b.w.e.tomcat.TomcatWebServer - Tomcat started on port 8080 (http) with context path '/'
2025-08-16 11:20:30 [restartedMain] INFO  c.U.UsdtWallet.UsdtWalletApplication - Started UsdtWalletApplication in 3.23 seconds (process running for 3.685)
2025-08-16 11:20:32 [http-nio-8080-exec-1] INFO  o.a.c.c.C.[Tomcat].[localhost].[/] - Initializing Spring DispatcherServlet 'dispatcherServlet'
2025-08-16 11:20:32 [http-nio-8080-exec-1] INFO  o.s.web.servlet.DispatcherServlet - Initializing Servlet 'dispatcherServlet'
2025-08-16 11:20:32 [http-nio-8080-exec-1] INFO  o.s.web.servlet.DispatcherServlet - Completed initialization in 0 ms
2025-08-16 11:20:32 [http-nio-8080-exec-1] DEBUG o.s.security.web.FilterChainProxy - Securing GET /api-docs
2025-08-16 11:20:32 [http-nio-8080-exec-1] DEBUG o.s.s.w.a.AnonymousAuthenticationFilter - Set SecurityContextHolder to anonymous SecurityContext
2025-08-16 11:20:32 [http-nio-8080-exec-1] DEBUG o.s.security.web.FilterChainProxy - Secured GET /api-docs
2025-08-16 11:20:33 [http-nio-8080-exec-2] DEBUG o.s.security.web.FilterChainProxy - Securing GET /favicon.ico
2025-08-16 11:20:33 [http-nio-8080-exec-2] DEBUG o.s.s.w.a.AnonymousAuthenticationFilter - Set SecurityContextHolder to anonymous SecurityContext
2025-08-16 11:21:48 [File Watcher] INFO  o.s.b.d.a.LocalDevToolsAutoConfiguration$RestartingClassPathChangeChangedEventListener - Restarting due to 1 class path change (0 additions, 0 deletions, 1 modification)
2025-08-16 11:21:48 [Thread-5] INFO  o.s.b.w.e.tomcat.GracefulShutdown - Commencing graceful shutdown. Waiting for active requests to complete
2025-08-16 11:21:48 [tomcat-shutdown] INFO  o.s.b.w.e.tomcat.GracefulShutdown - Graceful shutdown complete
2025-08-16 11:21:48 [Thread-5] INFO  o.s.o.j.LocalContainerEntityManagerFactoryBean - Closing JPA EntityManagerFactory for persistence unit 'default'
2025-08-16 11:21:48 [Thread-5] INFO  com.zaxxer.hikari.HikariDataSource - HikariPool-1 - Shutdown initiated...
2025-08-16 11:21:48 [Thread-5] INFO  com.zaxxer.hikari.HikariDataSource - HikariPool-1 - Shutdown completed.
2025-08-16 11:21:49 [restartedMain] INFO  c.U.UsdtWallet.UsdtWalletApplication - Starting UsdtWalletApplication using Java 24.0.1 with PID 18040 (C:\Users\Admin\Desktop\cripto-project\UsdtWallet\target\classes started by Admin in C:\Users\Admin\Desktop\cripto-project\UsdtWallet)
2025-08-16 11:21:49 [restartedMain] DEBUG c.U.UsdtWallet.UsdtWalletApplication - Running with Spring Boot v3.5.4, Spring v6.2.9
2025-08-16 11:21:49 [restartedMain] INFO  c.U.UsdtWallet.UsdtWalletApplication - The following 1 profile is active: "dev"
2025-08-16 11:21:49 [restartedMain] INFO  o.s.d.r.c.RepositoryConfigurationDelegate - Bootstrapping Spring Data JPA repositories in DEFAULT mode.
2025-08-16 11:21:49 [restartedMain] INFO  o.s.d.r.c.RepositoryConfigurationDelegate - Finished Spring Data repository scanning in 5 ms. Found 1 JPA repository interface.
2025-08-16 11:21:49 [restartedMain] INFO  o.s.b.w.e.tomcat.TomcatWebServer - Tomcat initialized with port 8080 (http)
2025-08-16 11:21:49 [restartedMain] INFO  o.a.catalina.core.StandardService - Starting service [Tomcat]
2025-08-16 11:21:49 [restartedMain] INFO  o.a.catalina.core.StandardEngine - Starting Servlet engine: [Apache Tomcat/10.1.43]
2025-08-16 11:21:49 [restartedMain] INFO  o.a.c.c.C.[Tomcat].[localhost].[/] - Initializing Spring embedded WebApplicationContext
2025-08-16 11:21:49 [restartedMain] INFO  o.s.b.w.s.c.ServletWebServerApplicationContext - Root WebApplicationContext: initialization completed in 280 ms
2025-08-16 11:21:49 [restartedMain] DEBUG c.U.U.s.JwtAuthenticationFilter - Filter 'jwtAuthenticationFilter' configured for use
2025-08-16 11:21:49 [restartedMain] INFO  o.h.jpa.internal.util.LogHelper - HHH000204: Processing PersistenceUnitInfo [name: default]
2025-08-16 11:21:49 [restartedMain] INFO  o.h.c.i.RegionFactoryInitiator - HHH000026: Second-level cache disabled
2025-08-16 11:21:49 [restartedMain] INFO  o.s.o.j.p.SpringPersistenceUnitInfo - No LoadTimeWeaver setup: ignoring JPA class transformer
2025-08-16 11:21:49 [restartedMain] INFO  com.zaxxer.hikari.HikariDataSource - HikariPool-2 - Starting...
2025-08-16 11:21:49 [restartedMain] INFO  com.zaxxer.hikari.pool.HikariPool - HikariPool-2 - Added connection org.postgresql.jdbc.PgConnection@172ca89d
2025-08-16 11:21:49 [restartedMain] INFO  com.zaxxer.hikari.HikariDataSource - HikariPool-2 - Start completed.
2025-08-16 11:21:49 [restartedMain] WARN  org.hibernate.orm.deprecation - HHH90000025: PostgreSQLDialect does not need to be specified explicitly using 'hibernate.dialect' (remove the property setting and it will be selected by default)
2025-08-16 11:21:49 [restartedMain] INFO  o.hibernate.orm.connections.pooling - HHH10001005: Database info:
	Database JDBC URL [Connecting through datasource 'HikariDataSource (HikariPool-2)']
	Database driver: undefined/unknown
	Database version: 14.18
	Autocommit mode: undefined/unknown
	Isolation level: undefined/unknown
	Minimum pool size: undefined/unknown
	Maximum pool size: undefined/unknown
2025-08-16 11:21:49 [restartedMain] INFO  o.h.e.t.j.p.i.JtaPlatformInitiator - HHH000489: No JTA platform available (set 'hibernate.transaction.jta.platform' to enable JTA platform integration)
2025-08-16 11:21:49 [restartedMain] INFO  o.s.o.j.LocalContainerEntityManagerFactoryBean - Initialized JPA EntityManagerFactory for persistence unit 'default'
2025-08-16 11:21:49 [restartedMain] INFO  o.s.s.c.a.a.c.InitializeUserDetailsBeanManagerConfigurer$InitializeUserDetailsManagerConfigurer - Global AuthenticationManager configured with UserDetailsService bean with name customUserDetailService
2025-08-16 11:21:49 [restartedMain] DEBUG o.s.s.a.p.PrePostAnnotationSecurityMetadataSource - @org.springframework.security.access.prepost.PreAuthorize("hasRole('ADMIN') or #id == authentication.principal.id") found on specific method: public org.springframework.http.ResponseEntity com.UsdtWallet.UsdtWallet.controller.UserController.getUserById(java.util.UUID)
2025-08-16 11:21:49 [restartedMain] DEBUG o.s.s.a.m.DelegatingMethodSecurityMetadataSource - Caching method [CacheKey[com.UsdtWallet.UsdtWallet.controller.UserController; public org.springframework.http.ResponseEntity com.UsdtWallet.UsdtWallet.controller.UserController.getUserById(java.util.UUID)]] with attributes [[authorize: 'hasRole('ADMIN') or #id == authentication.principal.id', filter: 'null', filterTarget: 'null']]
2025-08-16 11:21:49 [restartedMain] DEBUG o.s.s.a.p.PrePostAnnotationSecurityMetadataSource - @org.springframework.security.access.prepost.PreAuthorize("hasRole('ADMIN')") found on specific method: public org.springframework.http.ResponseEntity com.UsdtWallet.UsdtWallet.controller.UserController.getAllUsers(int,int,java.lang.String,java.lang.String)
2025-08-16 11:21:49 [restartedMain] DEBUG o.s.s.a.m.DelegatingMethodSecurityMetadataSource - Caching method [CacheKey[com.UsdtWallet.UsdtWallet.controller.UserController; public org.springframework.http.ResponseEntity com.UsdtWallet.UsdtWallet.controller.UserController.getAllUsers(int,int,java.lang.String,java.lang.String)]] with attributes [[authorize: 'hasRole('ADMIN')', filter: 'null', filterTarget: 'null']]
2025-08-16 11:21:49 [restartedMain] DEBUG o.s.s.a.p.PrePostAnnotationSecurityMetadataSource - @org.springframework.security.access.prepost.PreAuthorize("hasRole('ADMIN')") found on specific method: public org.springframework.http.ResponseEntity com.UsdtWallet.UsdtWallet.controller.UserController.searchUsers(java.lang.String,int,int)
2025-08-16 11:21:49 [restartedMain] DEBUG o.s.s.a.m.DelegatingMethodSecurityMetadataSource - Caching method [CacheKey[com.UsdtWallet.UsdtWallet.controller.UserController; public org.springframework.http.ResponseEntity com.UsdtWallet.UsdtWallet.controller.UserController.searchUsers(java.lang.String,int,int)]] with attributes [[authorize: 'hasRole('ADMIN')', filter: 'null', filterTarget: 'null']]
2025-08-16 11:21:49 [restartedMain] DEBUG o.s.s.a.p.PrePostAnnotationSecurityMetadataSource - @org.springframework.security.access.prepost.PreAuthorize("hasRole('ADMIN') or #id == authentication.principal.id") found on specific method: public org.springframework.http.ResponseEntity com.UsdtWallet.UsdtWallet.controller.UserController.updateUser(java.lang.Long,com.UsdtWallet.UsdtWallet.model.dto.request.UserCreateRequest)
2025-08-16 11:21:49 [restartedMain] DEBUG o.s.s.a.m.DelegatingMethodSecurityMetadataSource - Caching method [CacheKey[com.UsdtWallet.UsdtWallet.controller.UserController; public org.springframework.http.ResponseEntity com.UsdtWallet.UsdtWallet.controller.UserController.updateUser(java.lang.Long,com.UsdtWallet.UsdtWallet.model.dto.request.UserCreateRequest)]] with attributes [[authorize: 'hasRole('ADMIN') or #id == authentication.principal.id', filter: 'null', filterTarget: 'null']]
2025-08-16 11:21:49 [restartedMain] DEBUG o.s.s.a.p.PrePostAnnotationSecurityMetadataSource - @org.springframework.security.access.prepost.PreAuthorize("hasRole('ADMIN')") found on specific method: public org.springframework.http.ResponseEntity com.UsdtWallet.UsdtWallet.controller.UserController.deleteUser(java.lang.Long)
2025-08-16 11:21:49 [restartedMain] DEBUG o.s.s.a.m.DelegatingMethodSecurityMetadataSource - Caching method [CacheKey[com.UsdtWallet.UsdtWallet.controller.UserController; public org.springframework.http.ResponseEntity com.UsdtWallet.UsdtWallet.controller.UserController.deleteUser(java.lang.Long)]] with attributes [[authorize: 'hasRole('ADMIN')', filter: 'null', filterTarget: 'null']]
2025-08-16 11:21:49 [restartedMain] DEBUG o.s.s.a.p.PrePostAnnotationSecurityMetadataSource - @org.springframework.security.access.prepost.PreAuthorize("hasRole('ADMIN')") found on specific method: public org.springframework.http.ResponseEntity com.UsdtWallet.UsdtWallet.controller.UserController.createUser(com.UsdtWallet.UsdtWallet.model.dto.request.UserCreateRequest) throws org.apache.coyote.BadRequestException
2025-08-16 11:21:49 [restartedMain] DEBUG o.s.s.a.m.DelegatingMethodSecurityMetadataSource - Caching method [CacheKey[com.UsdtWallet.UsdtWallet.controller.UserController; public org.springframework.http.ResponseEntity com.UsdtWallet.UsdtWallet.controller.UserController.createUser(com.UsdtWallet.UsdtWallet.model.dto.request.UserCreateRequest) throws org.apache.coyote.BadRequestException]] with attributes [[authorize: 'hasRole('ADMIN')', filter: 'null', filterTarget: 'null']]
2025-08-16 11:21:49 [restartedMain] WARN  o.s.b.a.o.j.JpaBaseConfiguration$JpaWebConfiguration - spring.jpa.open-in-view is enabled by default. Therefore, database queries may be performed during view rendering. Explicitly configure spring.jpa.open-in-view to disable this warning
2025-08-16 11:21:49 [restartedMain] DEBUG o.s.s.web.DefaultSecurityFilterChain - Will secure any request with filters: DisableEncodeUrlFilter, WebAsyncManagerIntegrationFilter, SecurityContextHolderFilter, HeaderWriterFilter, LogoutFilter, RequestCacheAwareFilter, SecurityContextHolderAwareRequestFilter, AnonymousAuthenticationFilter, SessionManagementFilter, ExceptionTranslationFilter, AuthorizationFilter
2025-08-16 11:21:49 [restartedMain] INFO  o.s.b.d.a.OptionalLiveReloadServer - LiveReload server is running on port 35729
2025-08-16 11:21:49 [restartedMain] INFO  o.s.b.w.e.tomcat.TomcatWebServer - Tomcat started on port 8080 (http) with context path '/'
2025-08-16 11:21:49 [restartedMain] INFO  c.U.UsdtWallet.UsdtWalletApplication - Started UsdtWalletApplication in 0.883 seconds (process running for 83.534)
2025-08-16 11:21:49 [restartedMain] INFO  o.s.b.d.a.ConditionEvaluationDeltaLoggingListener - Condition evaluation unchanged
2025-08-16 11:22:07 [File Watcher] INFO  o.s.b.d.a.LocalDevToolsAutoConfiguration$RestartingClassPathChangeChangedEventListener - Restarting due to 1 class path change (0 additions, 0 deletions, 1 modification)
2025-08-16 11:22:07 [Thread-7] INFO  o.s.b.w.e.tomcat.GracefulShutdown - Commencing graceful shutdown. Waiting for active requests to complete
2025-08-16 11:22:07 [tomcat-shutdown] INFO  o.s.b.w.e.tomcat.GracefulShutdown - Graceful shutdown complete
2025-08-16 11:22:07 [Thread-7] INFO  o.s.o.j.LocalContainerEntityManagerFactoryBean - Closing JPA EntityManagerFactory for persistence unit 'default'
2025-08-16 11:22:07 [Thread-7] INFO  com.zaxxer.hikari.HikariDataSource - HikariPool-2 - Shutdown initiated...
2025-08-16 11:22:07 [Thread-7] INFO  com.zaxxer.hikari.HikariDataSource - HikariPool-2 - Shutdown completed.
2025-08-16 11:22:07 [restartedMain] INFO  c.U.UsdtWallet.UsdtWalletApplication - Starting UsdtWalletApplication using Java 24.0.1 with PID 18040 (C:\Users\Admin\Desktop\cripto-project\UsdtWallet\target\classes started by Admin in C:\Users\Admin\Desktop\cripto-project\UsdtWallet)
2025-08-16 11:22:07 [restartedMain] DEBUG c.U.UsdtWallet.UsdtWalletApplication - Running with Spring Boot v3.5.4, Spring v6.2.9
2025-08-16 11:22:07 [restartedMain] INFO  c.U.UsdtWallet.UsdtWalletApplication - The following 1 profile is active: "dev"
2025-08-16 11:22:07 [restartedMain] INFO  o.s.d.r.c.RepositoryConfigurationDelegate - Bootstrapping Spring Data JPA repositories in DEFAULT mode.
2025-08-16 11:22:07 [restartedMain] INFO  o.s.d.r.c.RepositoryConfigurationDelegate - Finished Spring Data repository scanning in 4 ms. Found 1 JPA repository interface.
2025-08-16 11:22:07 [restartedMain] INFO  o.s.b.w.e.tomcat.TomcatWebServer - Tomcat initialized with port 8080 (http)
2025-08-16 11:22:07 [restartedMain] INFO  o.a.catalina.core.StandardService - Starting service [Tomcat]
2025-08-16 11:22:07 [restartedMain] INFO  o.a.catalina.core.StandardEngine - Starting Servlet engine: [Apache Tomcat/10.1.43]
2025-08-16 11:22:07 [restartedMain] INFO  o.a.c.c.C.[Tomcat].[localhost].[/] - Initializing Spring embedded WebApplicationContext
2025-08-16 11:22:07 [restartedMain] INFO  o.s.b.w.s.c.ServletWebServerApplicationContext - Root WebApplicationContext: initialization completed in 196 ms
2025-08-16 11:22:07 [restartedMain] DEBUG c.U.U.s.JwtAuthenticationFilter - Filter 'jwtAuthenticationFilter' configured for use
2025-08-16 11:22:07 [restartedMain] INFO  o.h.jpa.internal.util.LogHelper - HHH000204: Processing PersistenceUnitInfo [name: default]
2025-08-16 11:22:07 [restartedMain] INFO  o.h.c.i.RegionFactoryInitiator - HHH000026: Second-level cache disabled
2025-08-16 11:22:07 [restartedMain] INFO  o.s.o.j.p.SpringPersistenceUnitInfo - No LoadTimeWeaver setup: ignoring JPA class transformer
2025-08-16 11:22:07 [restartedMain] INFO  com.zaxxer.hikari.HikariDataSource - HikariPool-3 - Starting...
2025-08-16 11:22:07 [restartedMain] INFO  com.zaxxer.hikari.pool.HikariPool - HikariPool-3 - Added connection org.postgresql.jdbc.PgConnection@774f6f0e
2025-08-16 11:22:07 [restartedMain] INFO  com.zaxxer.hikari.HikariDataSource - HikariPool-3 - Start completed.
2025-08-16 11:22:07 [restartedMain] WARN  org.hibernate.orm.deprecation - HHH90000025: PostgreSQLDialect does not need to be specified explicitly using 'hibernate.dialect' (remove the property setting and it will be selected by default)
2025-08-16 11:22:07 [restartedMain] INFO  o.hibernate.orm.connections.pooling - HHH10001005: Database info:
	Database JDBC URL [Connecting through datasource 'HikariDataSource (HikariPool-3)']
	Database driver: undefined/unknown
	Database version: 14.18
	Autocommit mode: undefined/unknown
	Isolation level: undefined/unknown
	Minimum pool size: undefined/unknown
	Maximum pool size: undefined/unknown
2025-08-16 11:22:07 [restartedMain] INFO  o.h.e.t.j.p.i.JtaPlatformInitiator - HHH000489: No JTA platform available (set 'hibernate.transaction.jta.platform' to enable JTA platform integration)
2025-08-16 11:22:07 [restartedMain] INFO  o.s.o.j.LocalContainerEntityManagerFactoryBean - Initialized JPA EntityManagerFactory for persistence unit 'default'
2025-08-16 11:22:07 [restartedMain] INFO  o.s.s.c.a.a.c.InitializeUserDetailsBeanManagerConfigurer$InitializeUserDetailsManagerConfigurer - Global AuthenticationManager configured with UserDetailsService bean with name customUserDetailService
2025-08-16 11:22:08 [restartedMain] DEBUG o.s.s.a.p.PrePostAnnotationSecurityMetadataSource - @org.springframework.security.access.prepost.PreAuthorize("hasRole('ADMIN') or #id == authentication.principal.id") found on specific method: public org.springframework.http.ResponseEntity com.UsdtWallet.UsdtWallet.controller.UserController.getUserById(java.util.UUID)
2025-08-16 11:22:08 [restartedMain] DEBUG o.s.s.a.m.DelegatingMethodSecurityMetadataSource - Caching method [CacheKey[com.UsdtWallet.UsdtWallet.controller.UserController; public org.springframework.http.ResponseEntity com.UsdtWallet.UsdtWallet.controller.UserController.getUserById(java.util.UUID)]] with attributes [[authorize: 'hasRole('ADMIN') or #id == authentication.principal.id', filter: 'null', filterTarget: 'null']]
2025-08-16 11:22:08 [restartedMain] DEBUG o.s.s.a.p.PrePostAnnotationSecurityMetadataSource - @org.springframework.security.access.prepost.PreAuthorize("hasRole('ADMIN')") found on specific method: public org.springframework.http.ResponseEntity com.UsdtWallet.UsdtWallet.controller.UserController.getAllUsers(int,int,java.lang.String,java.lang.String)
2025-08-16 11:22:08 [restartedMain] DEBUG o.s.s.a.m.DelegatingMethodSecurityMetadataSource - Caching method [CacheKey[com.UsdtWallet.UsdtWallet.controller.UserController; public org.springframework.http.ResponseEntity com.UsdtWallet.UsdtWallet.controller.UserController.getAllUsers(int,int,java.lang.String,java.lang.String)]] with attributes [[authorize: 'hasRole('ADMIN')', filter: 'null', filterTarget: 'null']]
2025-08-16 11:22:08 [restartedMain] DEBUG o.s.s.a.p.PrePostAnnotationSecurityMetadataSource - @org.springframework.security.access.prepost.PreAuthorize("hasRole('ADMIN')") found on specific method: public org.springframework.http.ResponseEntity com.UsdtWallet.UsdtWallet.controller.UserController.searchUsers(java.lang.String,int,int)
2025-08-16 11:22:08 [restartedMain] DEBUG o.s.s.a.m.DelegatingMethodSecurityMetadataSource - Caching method [CacheKey[com.UsdtWallet.UsdtWallet.controller.UserController; public org.springframework.http.ResponseEntity com.UsdtWallet.UsdtWallet.controller.UserController.searchUsers(java.lang.String,int,int)]] with attributes [[authorize: 'hasRole('ADMIN')', filter: 'null', filterTarget: 'null']]
2025-08-16 11:22:08 [restartedMain] DEBUG o.s.s.a.p.PrePostAnnotationSecurityMetadataSource - @org.springframework.security.access.prepost.PreAuthorize("hasRole('ADMIN') or #id == authentication.principal.id") found on specific method: public org.springframework.http.ResponseEntity com.UsdtWallet.UsdtWallet.controller.UserController.updateUser(java.lang.Long,com.UsdtWallet.UsdtWallet.model.dto.request.UserCreateRequest)
2025-08-16 11:22:08 [restartedMain] DEBUG o.s.s.a.m.DelegatingMethodSecurityMetadataSource - Caching method [CacheKey[com.UsdtWallet.UsdtWallet.controller.UserController; public org.springframework.http.ResponseEntity com.UsdtWallet.UsdtWallet.controller.UserController.updateUser(java.lang.Long,com.UsdtWallet.UsdtWallet.model.dto.request.UserCreateRequest)]] with attributes [[authorize: 'hasRole('ADMIN') or #id == authentication.principal.id', filter: 'null', filterTarget: 'null']]
2025-08-16 11:22:08 [restartedMain] DEBUG o.s.s.a.p.PrePostAnnotationSecurityMetadataSource - @org.springframework.security.access.prepost.PreAuthorize("hasRole('ADMIN')") found on specific method: public org.springframework.http.ResponseEntity com.UsdtWallet.UsdtWallet.controller.UserController.deleteUser(java.lang.Long)
2025-08-16 11:22:08 [restartedMain] DEBUG o.s.s.a.m.DelegatingMethodSecurityMetadataSource - Caching method [CacheKey[com.UsdtWallet.UsdtWallet.controller.UserController; public org.springframework.http.ResponseEntity com.UsdtWallet.UsdtWallet.controller.UserController.deleteUser(java.lang.Long)]] with attributes [[authorize: 'hasRole('ADMIN')', filter: 'null', filterTarget: 'null']]
2025-08-16 11:22:08 [restartedMain] DEBUG o.s.s.a.p.PrePostAnnotationSecurityMetadataSource - @org.springframework.security.access.prepost.PreAuthorize("hasRole('ADMIN')") found on specific method: public org.springframework.http.ResponseEntity com.UsdtWallet.UsdtWallet.controller.UserController.createUser(com.UsdtWallet.UsdtWallet.model.dto.request.UserCreateRequest) throws org.apache.coyote.BadRequestException
2025-08-16 11:22:08 [restartedMain] DEBUG o.s.s.a.m.DelegatingMethodSecurityMetadataSource - Caching method [CacheKey[com.UsdtWallet.UsdtWallet.controller.UserController; public org.springframework.http.ResponseEntity com.UsdtWallet.UsdtWallet.controller.UserController.createUser(com.UsdtWallet.UsdtWallet.model.dto.request.UserCreateRequest) throws org.apache.coyote.BadRequestException]] with attributes [[authorize: 'hasRole('ADMIN')', filter: 'null', filterTarget: 'null']]
2025-08-16 11:22:08 [restartedMain] WARN  o.s.b.a.o.j.JpaBaseConfiguration$JpaWebConfiguration - spring.jpa.open-in-view is enabled by default. Therefore, database queries may be performed during view rendering. Explicitly configure spring.jpa.open-in-view to disable this warning
2025-08-16 11:22:08 [restartedMain] DEBUG o.s.s.web.DefaultSecurityFilterChain - Will secure any request with filters: DisableEncodeUrlFilter, WebAsyncManagerIntegrationFilter, SecurityContextHolderFilter, HeaderWriterFilter, LogoutFilter, RequestCacheAwareFilter, SecurityContextHolderAwareRequestFilter, AnonymousAuthenticationFilter, SessionManagementFilter, ExceptionTranslationFilter, AuthorizationFilter
2025-08-16 11:22:08 [restartedMain] INFO  o.s.b.d.a.OptionalLiveReloadServer - LiveReload server is running on port 35729
2025-08-16 11:22:08 [restartedMain] INFO  o.s.b.w.e.tomcat.TomcatWebServer - Tomcat started on port 8080 (http) with context path '/'
2025-08-16 11:22:08 [restartedMain] INFO  c.U.UsdtWallet.UsdtWalletApplication - Started UsdtWalletApplication in 0.661 seconds (process running for 101.804)
2025-08-16 11:22:08 [restartedMain] INFO  o.s.b.d.a.ConditionEvaluationDeltaLoggingListener - Condition evaluation unchanged
2025-08-16 11:22:12 [File Watcher] INFO  o.s.b.d.a.LocalDevToolsAutoConfiguration$RestartingClassPathChangeChangedEventListener - Restarting due to 1 class path change (0 additions, 0 deletions, 1 modification)
2025-08-16 11:22:12 [Thread-11] INFO  o.s.b.w.e.tomcat.GracefulShutdown - Commencing graceful shutdown. Waiting for active requests to complete
2025-08-16 11:22:12 [tomcat-shutdown] INFO  o.s.b.w.e.tomcat.GracefulShutdown - Graceful shutdown complete
2025-08-16 11:22:12 [Thread-11] INFO  o.s.o.j.LocalContainerEntityManagerFactoryBean - Closing JPA EntityManagerFactory for persistence unit 'default'
2025-08-16 11:22:12 [Thread-11] INFO  com.zaxxer.hikari.HikariDataSource - HikariPool-3 - Shutdown initiated...
2025-08-16 11:22:12 [Thread-11] INFO  com.zaxxer.hikari.HikariDataSource - HikariPool-3 - Shutdown completed.
2025-08-16 11:22:12 [restartedMain] INFO  c.U.UsdtWallet.UsdtWalletApplication - Starting UsdtWalletApplication using Java 24.0.1 with PID 18040 (C:\Users\Admin\Desktop\cripto-project\UsdtWallet\target\classes started by Admin in C:\Users\Admin\Desktop\cripto-project\UsdtWallet)
2025-08-16 11:22:12 [restartedMain] DEBUG c.U.UsdtWallet.UsdtWalletApplication - Running with Spring Boot v3.5.4, Spring v6.2.9
2025-08-16 11:22:12 [restartedMain] INFO  c.U.UsdtWallet.UsdtWalletApplication - The following 1 profile is active: "dev"
2025-08-16 11:22:12 [restartedMain] INFO  o.s.d.r.c.RepositoryConfigurationDelegate - Bootstrapping Spring Data JPA repositories in DEFAULT mode.
2025-08-16 11:22:12 [restartedMain] INFO  o.s.d.r.c.RepositoryConfigurationDelegate - Finished Spring Data repository scanning in 3 ms. Found 1 JPA repository interface.
2025-08-16 11:22:12 [restartedMain] INFO  o.s.b.w.e.tomcat.TomcatWebServer - Tomcat initialized with port 8080 (http)
2025-08-16 11:22:12 [restartedMain] INFO  o.a.catalina.core.StandardService - Starting service [Tomcat]
2025-08-16 11:22:12 [restartedMain] INFO  o.a.catalina.core.StandardEngine - Starting Servlet engine: [Apache Tomcat/10.1.43]
2025-08-16 11:22:12 [restartedMain] INFO  o.a.c.c.C.[Tomcat].[localhost].[/] - Initializing Spring embedded WebApplicationContext
2025-08-16 11:22:12 [restartedMain] INFO  o.s.b.w.s.c.ServletWebServerApplicationContext - Root WebApplicationContext: initialization completed in 185 ms
2025-08-16 11:22:12 [restartedMain] DEBUG c.U.U.s.JwtAuthenticationFilter - Filter 'jwtAuthenticationFilter' configured for use
2025-08-16 11:22:12 [restartedMain] INFO  o.h.jpa.internal.util.LogHelper - HHH000204: Processing PersistenceUnitInfo [name: default]
2025-08-16 11:22:12 [restartedMain] INFO  o.h.c.i.RegionFactoryInitiator - HHH000026: Second-level cache disabled
2025-08-16 11:22:12 [restartedMain] INFO  o.s.o.j.p.SpringPersistenceUnitInfo - No LoadTimeWeaver setup: ignoring JPA class transformer
2025-08-16 11:22:12 [restartedMain] INFO  com.zaxxer.hikari.HikariDataSource - HikariPool-4 - Starting...
2025-08-16 11:22:13 [restartedMain] INFO  com.zaxxer.hikari.pool.HikariPool - HikariPool-4 - Added connection org.postgresql.jdbc.PgConnection@6c26033a
2025-08-16 11:22:13 [restartedMain] INFO  com.zaxxer.hikari.HikariDataSource - HikariPool-4 - Start completed.
2025-08-16 11:22:13 [restartedMain] WARN  org.hibernate.orm.deprecation - HHH90000025: PostgreSQLDialect does not need to be specified explicitly using 'hibernate.dialect' (remove the property setting and it will be selected by default)
2025-08-16 11:22:13 [restartedMain] INFO  o.hibernate.orm.connections.pooling - HHH10001005: Database info:
	Database JDBC URL [Connecting through datasource 'HikariDataSource (HikariPool-4)']
	Database driver: undefined/unknown
	Database version: 14.18
	Autocommit mode: undefined/unknown
	Isolation level: undefined/unknown
	Minimum pool size: undefined/unknown
	Maximum pool size: undefined/unknown
2025-08-16 11:22:13 [restartedMain] INFO  o.h.e.t.j.p.i.JtaPlatformInitiator - HHH000489: No JTA platform available (set 'hibernate.transaction.jta.platform' to enable JTA platform integration)
2025-08-16 11:22:13 [restartedMain] INFO  o.s.o.j.LocalContainerEntityManagerFactoryBean - Initialized JPA EntityManagerFactory for persistence unit 'default'
2025-08-16 11:22:13 [restartedMain] INFO  o.s.s.c.a.a.c.InitializeUserDetailsBeanManagerConfigurer$InitializeUserDetailsManagerConfigurer - Global AuthenticationManager configured with UserDetailsService bean with name customUserDetailService
2025-08-16 11:22:13 [restartedMain] DEBUG o.s.s.a.p.PrePostAnnotationSecurityMetadataSource - @org.springframework.security.access.prepost.PreAuthorize("hasRole('ADMIN') or #id == authentication.principal.id") found on specific method: public org.springframework.http.ResponseEntity com.UsdtWallet.UsdtWallet.controller.UserController.getUserById(java.util.UUID)
2025-08-16 11:22:13 [restartedMain] DEBUG o.s.s.a.m.DelegatingMethodSecurityMetadataSource - Caching method [CacheKey[com.UsdtWallet.UsdtWallet.controller.UserController; public org.springframework.http.ResponseEntity com.UsdtWallet.UsdtWallet.controller.UserController.getUserById(java.util.UUID)]] with attributes [[authorize: 'hasRole('ADMIN') or #id == authentication.principal.id', filter: 'null', filterTarget: 'null']]
2025-08-16 11:22:13 [restartedMain] DEBUG o.s.s.a.p.PrePostAnnotationSecurityMetadataSource - @org.springframework.security.access.prepost.PreAuthorize("hasRole('ADMIN')") found on specific method: public org.springframework.http.ResponseEntity com.UsdtWallet.UsdtWallet.controller.UserController.getAllUsers(int,int,java.lang.String,java.lang.String)
2025-08-16 11:22:13 [restartedMain] DEBUG o.s.s.a.m.DelegatingMethodSecurityMetadataSource - Caching method [CacheKey[com.UsdtWallet.UsdtWallet.controller.UserController; public org.springframework.http.ResponseEntity com.UsdtWallet.UsdtWallet.controller.UserController.getAllUsers(int,int,java.lang.String,java.lang.String)]] with attributes [[authorize: 'hasRole('ADMIN')', filter: 'null', filterTarget: 'null']]
2025-08-16 11:22:13 [restartedMain] DEBUG o.s.s.a.p.PrePostAnnotationSecurityMetadataSource - @org.springframework.security.access.prepost.PreAuthorize("hasRole('ADMIN')") found on specific method: public org.springframework.http.ResponseEntity com.UsdtWallet.UsdtWallet.controller.UserController.searchUsers(java.lang.String,int,int)
2025-08-16 11:22:13 [restartedMain] DEBUG o.s.s.a.m.DelegatingMethodSecurityMetadataSource - Caching method [CacheKey[com.UsdtWallet.UsdtWallet.controller.UserController; public org.springframework.http.ResponseEntity com.UsdtWallet.UsdtWallet.controller.UserController.searchUsers(java.lang.String,int,int)]] with attributes [[authorize: 'hasRole('ADMIN')', filter: 'null', filterTarget: 'null']]
2025-08-16 11:22:13 [restartedMain] DEBUG o.s.s.a.p.PrePostAnnotationSecurityMetadataSource - @org.springframework.security.access.prepost.PreAuthorize("hasRole('ADMIN') or #id == authentication.principal.id") found on specific method: public org.springframework.http.ResponseEntity com.UsdtWallet.UsdtWallet.controller.UserController.updateUser(java.lang.Long,com.UsdtWallet.UsdtWallet.model.dto.request.UserCreateRequest)
2025-08-16 11:22:13 [restartedMain] DEBUG o.s.s.a.m.DelegatingMethodSecurityMetadataSource - Caching method [CacheKey[com.UsdtWallet.UsdtWallet.controller.UserController; public org.springframework.http.ResponseEntity com.UsdtWallet.UsdtWallet.controller.UserController.updateUser(java.lang.Long,com.UsdtWallet.UsdtWallet.model.dto.request.UserCreateRequest)]] with attributes [[authorize: 'hasRole('ADMIN') or #id == authentication.principal.id', filter: 'null', filterTarget: 'null']]
2025-08-16 11:22:13 [restartedMain] DEBUG o.s.s.a.p.PrePostAnnotationSecurityMetadataSource - @org.springframework.security.access.prepost.PreAuthorize("hasRole('ADMIN')") found on specific method: public org.springframework.http.ResponseEntity com.UsdtWallet.UsdtWallet.controller.UserController.deleteUser(java.lang.Long)
2025-08-16 11:22:13 [restartedMain] DEBUG o.s.s.a.m.DelegatingMethodSecurityMetadataSource - Caching method [CacheKey[com.UsdtWallet.UsdtWallet.controller.UserController; public org.springframework.http.ResponseEntity com.UsdtWallet.UsdtWallet.controller.UserController.deleteUser(java.lang.Long)]] with attributes [[authorize: 'hasRole('ADMIN')', filter: 'null', filterTarget: 'null']]
2025-08-16 11:22:13 [restartedMain] DEBUG o.s.s.a.p.PrePostAnnotationSecurityMetadataSource - @org.springframework.security.access.prepost.PreAuthorize("hasRole('ADMIN')") found on specific method: public org.springframework.http.ResponseEntity com.UsdtWallet.UsdtWallet.controller.UserController.createUser(com.UsdtWallet.UsdtWallet.model.dto.request.UserCreateRequest) throws org.apache.coyote.BadRequestException
2025-08-16 11:22:13 [restartedMain] DEBUG o.s.s.a.m.DelegatingMethodSecurityMetadataSource - Caching method [CacheKey[com.UsdtWallet.UsdtWallet.controller.UserController; public org.springframework.http.ResponseEntity com.UsdtWallet.UsdtWallet.controller.UserController.createUser(com.UsdtWallet.UsdtWallet.model.dto.request.UserCreateRequest) throws org.apache.coyote.BadRequestException]] with attributes [[authorize: 'hasRole('ADMIN')', filter: 'null', filterTarget: 'null']]
2025-08-16 11:22:13 [restartedMain] WARN  o.s.b.a.o.j.JpaBaseConfiguration$JpaWebConfiguration - spring.jpa.open-in-view is enabled by default. Therefore, database queries may be performed during view rendering. Explicitly configure spring.jpa.open-in-view to disable this warning
2025-08-16 11:22:13 [restartedMain] DEBUG o.s.s.web.DefaultSecurityFilterChain - Will secure any request with filters: DisableEncodeUrlFilter, WebAsyncManagerIntegrationFilter, SecurityContextHolderFilter, HeaderWriterFilter, LogoutFilter, RequestCacheAwareFilter, SecurityContextHolderAwareRequestFilter, AnonymousAuthenticationFilter, SessionManagementFilter, ExceptionTranslationFilter, AuthorizationFilter
2025-08-16 11:22:13 [restartedMain] INFO  o.s.b.d.a.OptionalLiveReloadServer - LiveReload server is running on port 35729
2025-08-16 11:22:13 [restartedMain] INFO  o.s.b.w.e.tomcat.TomcatWebServer - Tomcat started on port 8080 (http) with context path '/'
2025-08-16 11:22:13 [restartedMain] INFO  c.U.UsdtWallet.UsdtWalletApplication - Started UsdtWalletApplication in 0.675 seconds (process running for 107.016)
2025-08-16 11:22:13 [restartedMain] INFO  o.s.b.d.a.ConditionEvaluationDeltaLoggingListener - Condition evaluation unchanged
2025-08-16 11:22:35 [File Watcher] INFO  o.s.b.d.a.LocalDevToolsAutoConfiguration$RestartingClassPathChangeChangedEventListener - Restarting due to 1 class path change (0 additions, 0 deletions, 1 modification)
2025-08-16 11:22:35 [Thread-15] INFO  o.s.b.w.e.tomcat.GracefulShutdown - Commencing graceful shutdown. Waiting for active requests to complete
2025-08-16 11:22:35 [tomcat-shutdown] INFO  o.s.b.w.e.tomcat.GracefulShutdown - Graceful shutdown complete
2025-08-16 11:22:35 [Thread-15] INFO  o.s.o.j.LocalContainerEntityManagerFactoryBean - Closing JPA EntityManagerFactory for persistence unit 'default'
2025-08-16 11:22:35 [Thread-15] INFO  com.zaxxer.hikari.HikariDataSource - HikariPool-4 - Shutdown initiated...
2025-08-16 11:22:35 [Thread-15] INFO  com.zaxxer.hikari.HikariDataSource - HikariPool-4 - Shutdown completed.
2025-08-16 11:22:36 [restartedMain] INFO  c.U.UsdtWallet.UsdtWalletApplication - Starting UsdtWalletApplication using Java 24.0.1 with PID 18040 (C:\Users\Admin\Desktop\cripto-project\UsdtWallet\target\classes started by Admin in C:\Users\Admin\Desktop\cripto-project\UsdtWallet)
2025-08-16 11:22:36 [restartedMain] DEBUG c.U.UsdtWallet.UsdtWalletApplication - Running with Spring Boot v3.5.4, Spring v6.2.9
2025-08-16 11:22:36 [restartedMain] INFO  c.U.UsdtWallet.UsdtWalletApplication - The following 1 profile is active: "dev"
2025-08-16 11:22:36 [restartedMain] INFO  o.s.d.r.c.RepositoryConfigurationDelegate - Bootstrapping Spring Data JPA repositories in DEFAULT mode.
2025-08-16 11:22:36 [restartedMain] INFO  o.s.d.r.c.RepositoryConfigurationDelegate - Finished Spring Data repository scanning in 3 ms. Found 1 JPA repository interface.
2025-08-16 11:22:36 [restartedMain] INFO  o.s.b.w.e.tomcat.TomcatWebServer - Tomcat initialized with port 8080 (http)
2025-08-16 11:22:36 [restartedMain] INFO  o.a.catalina.core.StandardService - Starting service [Tomcat]
2025-08-16 11:22:36 [restartedMain] INFO  o.a.catalina.core.StandardEngine - Starting Servlet engine: [Apache Tomcat/10.1.43]
2025-08-16 11:22:36 [restartedMain] INFO  o.a.c.c.C.[Tomcat].[localhost].[/] - Initializing Spring embedded WebApplicationContext
2025-08-16 11:22:36 [restartedMain] INFO  o.s.b.w.s.c.ServletWebServerApplicationContext - Root WebApplicationContext: initialization completed in 182 ms
2025-08-16 11:22:36 [restartedMain] DEBUG c.U.U.s.JwtAuthenticationFilter - Filter 'jwtAuthenticationFilter' configured for use
2025-08-16 11:22:36 [restartedMain] INFO  o.h.jpa.internal.util.LogHelper - HHH000204: Processing PersistenceUnitInfo [name: default]
2025-08-16 11:22:36 [restartedMain] INFO  o.h.c.i.RegionFactoryInitiator - HHH000026: Second-level cache disabled
2025-08-16 11:22:36 [restartedMain] INFO  o.s.o.j.p.SpringPersistenceUnitInfo - No LoadTimeWeaver setup: ignoring JPA class transformer
2025-08-16 11:22:36 [restartedMain] INFO  com.zaxxer.hikari.HikariDataSource - HikariPool-5 - Starting...
2025-08-16 11:22:36 [restartedMain] INFO  com.zaxxer.hikari.pool.HikariPool - HikariPool-5 - Added connection org.postgresql.jdbc.PgConnection@4b9b9c5a
2025-08-16 11:22:36 [restartedMain] INFO  com.zaxxer.hikari.HikariDataSource - HikariPool-5 - Start completed.
2025-08-16 11:22:36 [restartedMain] WARN  org.hibernate.orm.deprecation - HHH90000025: PostgreSQLDialect does not need to be specified explicitly using 'hibernate.dialect' (remove the property setting and it will be selected by default)
2025-08-16 11:22:36 [restartedMain] INFO  o.hibernate.orm.connections.pooling - HHH10001005: Database info:
	Database JDBC URL [Connecting through datasource 'HikariDataSource (HikariPool-5)']
	Database driver: undefined/unknown
	Database version: 14.18
	Autocommit mode: undefined/unknown
	Isolation level: undefined/unknown
	Minimum pool size: undefined/unknown
	Maximum pool size: undefined/unknown
2025-08-16 11:22:36 [restartedMain] INFO  o.h.e.t.j.p.i.JtaPlatformInitiator - HHH000489: No JTA platform available (set 'hibernate.transaction.jta.platform' to enable JTA platform integration)
2025-08-16 11:22:36 [restartedMain] INFO  o.s.o.j.LocalContainerEntityManagerFactoryBean - Initialized JPA EntityManagerFactory for persistence unit 'default'
2025-08-16 11:22:36 [restartedMain] INFO  o.s.s.c.a.a.c.InitializeUserDetailsBeanManagerConfigurer$InitializeUserDetailsManagerConfigurer - Global AuthenticationManager configured with UserDetailsService bean with name customUserDetailService
2025-08-16 11:22:36 [restartedMain] DEBUG o.s.s.a.p.PrePostAnnotationSecurityMetadataSource - @org.springframework.security.access.prepost.PreAuthorize("hasRole('ADMIN') or #id == authentication.principal.id") found on specific method: public org.springframework.http.ResponseEntity com.UsdtWallet.UsdtWallet.controller.UserController.getUserById(java.util.UUID)
2025-08-16 11:22:36 [restartedMain] DEBUG o.s.s.a.m.DelegatingMethodSecurityMetadataSource - Caching method [CacheKey[com.UsdtWallet.UsdtWallet.controller.UserController; public org.springframework.http.ResponseEntity com.UsdtWallet.UsdtWallet.controller.UserController.getUserById(java.util.UUID)]] with attributes [[authorize: 'hasRole('ADMIN') or #id == authentication.principal.id', filter: 'null', filterTarget: 'null']]
2025-08-16 11:22:36 [restartedMain] DEBUG o.s.s.a.p.PrePostAnnotationSecurityMetadataSource - @org.springframework.security.access.prepost.PreAuthorize("hasRole('ADMIN')") found on specific method: public org.springframework.http.ResponseEntity com.UsdtWallet.UsdtWallet.controller.UserController.getAllUsers(int,int,java.lang.String,java.lang.String)
2025-08-16 11:22:36 [restartedMain] DEBUG o.s.s.a.m.DelegatingMethodSecurityMetadataSource - Caching method [CacheKey[com.UsdtWallet.UsdtWallet.controller.UserController; public org.springframework.http.ResponseEntity com.UsdtWallet.UsdtWallet.controller.UserController.getAllUsers(int,int,java.lang.String,java.lang.String)]] with attributes [[authorize: 'hasRole('ADMIN')', filter: 'null', filterTarget: 'null']]
2025-08-16 11:22:36 [restartedMain] DEBUG o.s.s.a.p.PrePostAnnotationSecurityMetadataSource - @org.springframework.security.access.prepost.PreAuthorize("hasRole('ADMIN')") found on specific method: public org.springframework.http.ResponseEntity com.UsdtWallet.UsdtWallet.controller.UserController.searchUsers(java.lang.String,int,int)
2025-08-16 11:22:36 [restartedMain] DEBUG o.s.s.a.m.DelegatingMethodSecurityMetadataSource - Caching method [CacheKey[com.UsdtWallet.UsdtWallet.controller.UserController; public org.springframework.http.ResponseEntity com.UsdtWallet.UsdtWallet.controller.UserController.searchUsers(java.lang.String,int,int)]] with attributes [[authorize: 'hasRole('ADMIN')', filter: 'null', filterTarget: 'null']]
2025-08-16 11:22:36 [restartedMain] DEBUG o.s.s.a.p.PrePostAnnotationSecurityMetadataSource - @org.springframework.security.access.prepost.PreAuthorize("hasRole('ADMIN') or #id == authentication.principal.id") found on specific method: public org.springframework.http.ResponseEntity com.UsdtWallet.UsdtWallet.controller.UserController.updateUser(java.lang.Long,com.UsdtWallet.UsdtWallet.model.dto.request.UserCreateRequest)
2025-08-16 11:22:36 [restartedMain] DEBUG o.s.s.a.m.DelegatingMethodSecurityMetadataSource - Caching method [CacheKey[com.UsdtWallet.UsdtWallet.controller.UserController; public org.springframework.http.ResponseEntity com.UsdtWallet.UsdtWallet.controller.UserController.updateUser(java.lang.Long,com.UsdtWallet.UsdtWallet.model.dto.request.UserCreateRequest)]] with attributes [[authorize: 'hasRole('ADMIN') or #id == authentication.principal.id', filter: 'null', filterTarget: 'null']]
2025-08-16 11:22:36 [restartedMain] DEBUG o.s.s.a.p.PrePostAnnotationSecurityMetadataSource - @org.springframework.security.access.prepost.PreAuthorize("hasRole('ADMIN')") found on specific method: public org.springframework.http.ResponseEntity com.UsdtWallet.UsdtWallet.controller.UserController.deleteUser(java.lang.Long)
2025-08-16 11:22:36 [restartedMain] DEBUG o.s.s.a.m.DelegatingMethodSecurityMetadataSource - Caching method [CacheKey[com.UsdtWallet.UsdtWallet.controller.UserController; public org.springframework.http.ResponseEntity com.UsdtWallet.UsdtWallet.controller.UserController.deleteUser(java.lang.Long)]] with attributes [[authorize: 'hasRole('ADMIN')', filter: 'null', filterTarget: 'null']]
2025-08-16 11:22:36 [restartedMain] DEBUG o.s.s.a.p.PrePostAnnotationSecurityMetadataSource - @org.springframework.security.access.prepost.PreAuthorize("hasRole('ADMIN')") found on specific method: public org.springframework.http.ResponseEntity com.UsdtWallet.UsdtWallet.controller.UserController.createUser(com.UsdtWallet.UsdtWallet.model.dto.request.UserCreateRequest) throws org.apache.coyote.BadRequestException
2025-08-16 11:22:36 [restartedMain] DEBUG o.s.s.a.m.DelegatingMethodSecurityMetadataSource - Caching method [CacheKey[com.UsdtWallet.UsdtWallet.controller.UserController; public org.springframework.http.ResponseEntity com.UsdtWallet.UsdtWallet.controller.UserController.createUser(com.UsdtWallet.UsdtWallet.model.dto.request.UserCreateRequest) throws org.apache.coyote.BadRequestException]] with attributes [[authorize: 'hasRole('ADMIN')', filter: 'null', filterTarget: 'null']]
2025-08-16 11:22:36 [restartedMain] WARN  o.s.b.a.o.j.JpaBaseConfiguration$JpaWebConfiguration - spring.jpa.open-in-view is enabled by default. Therefore, database queries may be performed during view rendering. Explicitly configure spring.jpa.open-in-view to disable this warning
2025-08-16 11:22:36 [restartedMain] DEBUG o.s.s.web.DefaultSecurityFilterChain - Will secure any request with filters: DisableEncodeUrlFilter, WebAsyncManagerIntegrationFilter, SecurityContextHolderFilter, HeaderWriterFilter, LogoutFilter, RequestCacheAwareFilter, SecurityContextHolderAwareRequestFilter, AnonymousAuthenticationFilter, SessionManagementFilter, ExceptionTranslationFilter, AuthorizationFilter
2025-08-16 11:22:36 [restartedMain] INFO  o.s.b.d.a.OptionalLiveReloadServer - LiveReload server is running on port 35729
2025-08-16 11:22:36 [restartedMain] INFO  o.s.b.w.e.tomcat.TomcatWebServer - Tomcat started on port 8080 (http) with context path '/'
2025-08-16 11:22:36 [restartedMain] INFO  c.U.UsdtWallet.UsdtWalletApplication - Started UsdtWalletApplication in 0.617 seconds (process running for 130.288)
2025-08-16 11:22:36 [restartedMain] INFO  o.s.b.d.a.ConditionEvaluationDeltaLoggingListener - Condition evaluation unchanged
2025-08-16 11:22:44 [http-nio-8080-exec-1] INFO  o.a.c.c.C.[Tomcat].[localhost].[/] - Initializing Spring DispatcherServlet 'dispatcherServlet'
2025-08-16 11:22:44 [http-nio-8080-exec-1] INFO  o.s.web.servlet.DispatcherServlet - Initializing Servlet 'dispatcherServlet'
2025-08-16 11:22:44 [http-nio-8080-exec-1] INFO  o.s.web.servlet.DispatcherServlet - Completed initialization in 1 ms
2025-08-16 11:22:44 [http-nio-8080-exec-1] DEBUG o.s.security.web.FilterChainProxy - Securing GET /swagger-ui/index.html
2025-08-16 11:22:44 [http-nio-8080-exec-1] DEBUG o.s.s.w.a.AnonymousAuthenticationFilter - Set SecurityContextHolder to anonymous SecurityContext
2025-08-16 11:22:44 [http-nio-8080-exec-1] DEBUG o.s.security.web.FilterChainProxy - Secured GET /swagger-ui/index.html
2025-08-16 11:22:44 [http-nio-8080-exec-2] DEBUG o.s.security.web.FilterChainProxy - Securing GET /favicon.ico
2025-08-16 11:22:44 [http-nio-8080-exec-2] DEBUG o.s.s.w.a.AnonymousAuthenticationFilter - Set SecurityContextHolder to anonymous SecurityContext
2025-08-16 11:22:46 [SpringApplicationShutdownHook] INFO  o.s.b.w.e.tomcat.GracefulShutdown - Commencing graceful shutdown. Waiting for active requests to complete
2025-08-16 11:22:46 [tomcat-shutdown] INFO  o.s.b.w.e.tomcat.GracefulShutdown - Graceful shutdown complete
2025-08-16 11:22:46 [SpringApplicationShutdownHook] INFO  o.s.o.j.LocalContainerEntityManagerFactoryBean - Closing JPA EntityManagerFactory for persistence unit 'default'
2025-08-16 11:22:46 [SpringApplicationShutdownHook] INFO  com.zaxxer.hikari.HikariDataSource - HikariPool-5 - Shutdown initiated...
2025-08-16 11:22:46 [SpringApplicationShutdownHook] INFO  com.zaxxer.hikari.HikariDataSource - HikariPool-5 - Shutdown completed.
2025-08-16 11:22:53 [restartedMain] INFO  c.U.UsdtWallet.UsdtWalletApplication - Starting UsdtWalletApplication using Java 24.0.1 with PID 4508 (C:\Users\Admin\Desktop\cripto-project\UsdtWallet\target\classes started by Admin in C:\Users\Admin\Desktop\cripto-project\UsdtWallet)
2025-08-16 11:22:53 [restartedMain] DEBUG c.U.UsdtWallet.UsdtWalletApplication - Running with Spring Boot v3.5.4, Spring v6.2.9
2025-08-16 11:22:53 [restartedMain] INFO  c.U.UsdtWallet.UsdtWalletApplication - The following 1 profile is active: "dev"
2025-08-16 11:22:53 [restartedMain] INFO  o.s.b.d.e.DevToolsPropertyDefaultsPostProcessor - Devtools property defaults active! Set 'spring.devtools.add-properties' to 'false' to disable
2025-08-16 11:22:53 [restartedMain] INFO  o.s.b.d.e.DevToolsPropertyDefaultsPostProcessor - For additional web related logging consider setting the 'logging.level.web' property to 'DEBUG'
2025-08-16 11:22:54 [restartedMain] INFO  o.s.d.r.c.RepositoryConfigurationDelegate - Bootstrapping Spring Data JPA repositories in DEFAULT mode.
2025-08-16 11:22:54 [restartedMain] INFO  o.s.d.r.c.RepositoryConfigurationDelegate - Finished Spring Data repository scanning in 18 ms. Found 1 JPA repository interface.
2025-08-16 11:22:54 [restartedMain] INFO  o.s.b.w.e.tomcat.TomcatWebServer - Tomcat initialized with port 8080 (http)
2025-08-16 11:22:54 [restartedMain] INFO  o.a.catalina.core.StandardService - Starting service [Tomcat]
2025-08-16 11:22:54 [restartedMain] INFO  o.a.catalina.core.StandardEngine - Starting Servlet engine: [Apache Tomcat/10.1.43]
2025-08-16 11:22:54 [restartedMain] INFO  o.a.c.c.C.[Tomcat].[localhost].[/] - Initializing Spring embedded WebApplicationContext
2025-08-16 11:22:54 [restartedMain] INFO  o.s.b.w.s.c.ServletWebServerApplicationContext - Root WebApplicationContext: initialization completed in 880 ms
2025-08-16 11:22:54 [restartedMain] DEBUG c.U.U.s.JwtAuthenticationFilter - Filter 'jwtAuthenticationFilter' configured for use
2025-08-16 11:22:54 [restartedMain] INFO  o.h.jpa.internal.util.LogHelper - HHH000204: Processing PersistenceUnitInfo [name: default]
2025-08-16 11:22:54 [restartedMain] INFO  org.hibernate.Version - HHH000412: Hibernate ORM core version 6.6.22.Final
2025-08-16 11:22:54 [restartedMain] INFO  o.h.c.i.RegionFactoryInitiator - HHH000026: Second-level cache disabled
2025-08-16 11:22:54 [restartedMain] INFO  o.s.o.j.p.SpringPersistenceUnitInfo - No LoadTimeWeaver setup: ignoring JPA class transformer
2025-08-16 11:22:54 [restartedMain] INFO  com.zaxxer.hikari.HikariDataSource - HikariPool-1 - Starting...
2025-08-16 11:22:55 [restartedMain] INFO  com.zaxxer.hikari.pool.HikariPool - HikariPool-1 - Added connection org.postgresql.jdbc.PgConnection@9f8115
2025-08-16 11:22:55 [restartedMain] INFO  com.zaxxer.hikari.HikariDataSource - HikariPool-1 - Start completed.
2025-08-16 11:22:55 [restartedMain] WARN  org.hibernate.orm.deprecation - HHH90000025: PostgreSQLDialect does not need to be specified explicitly using 'hibernate.dialect' (remove the property setting and it will be selected by default)
2025-08-16 11:22:55 [restartedMain] INFO  o.hibernate.orm.connections.pooling - HHH10001005: Database info:
	Database JDBC URL [Connecting through datasource 'HikariDataSource (HikariPool-1)']
	Database driver: undefined/unknown
	Database version: 14.18
	Autocommit mode: undefined/unknown
	Isolation level: undefined/unknown
	Minimum pool size: undefined/unknown
	Maximum pool size: undefined/unknown
2025-08-16 11:22:55 [restartedMain] INFO  o.h.e.t.j.p.i.JtaPlatformInitiator - HHH000489: No JTA platform available (set 'hibernate.transaction.jta.platform' to enable JTA platform integration)
2025-08-16 11:22:55 [restartedMain] INFO  o.s.o.j.LocalContainerEntityManagerFactoryBean - Initialized JPA EntityManagerFactory for persistence unit 'default'
2025-08-16 11:22:55 [restartedMain] INFO  o.s.s.c.a.a.c.InitializeUserDetailsBeanManagerConfigurer$InitializeUserDetailsManagerConfigurer - Global AuthenticationManager configured with UserDetailsService bean with name customUserDetailService
2025-08-16 11:22:56 [restartedMain] DEBUG o.s.s.a.p.PrePostAnnotationSecurityMetadataSource - @org.springframework.security.access.prepost.PreAuthorize("hasRole('ADMIN')") found on specific method: public org.springframework.http.ResponseEntity com.UsdtWallet.UsdtWallet.controller.UserController.searchUsers(java.lang.String,int,int)
2025-08-16 11:22:56 [restartedMain] DEBUG o.s.s.a.m.DelegatingMethodSecurityMetadataSource - Caching method [CacheKey[com.UsdtWallet.UsdtWallet.controller.UserController; public org.springframework.http.ResponseEntity com.UsdtWallet.UsdtWallet.controller.UserController.searchUsers(java.lang.String,int,int)]] with attributes [[authorize: 'hasRole('ADMIN')', filter: 'null', filterTarget: 'null']]
2025-08-16 11:22:56 [restartedMain] DEBUG o.s.s.a.p.PrePostAnnotationSecurityMetadataSource - @org.springframework.security.access.prepost.PreAuthorize("hasRole('ADMIN') or #id == authentication.principal.id") found on specific method: public org.springframework.http.ResponseEntity com.UsdtWallet.UsdtWallet.controller.UserController.getUserById(java.util.UUID)
2025-08-16 11:22:56 [restartedMain] DEBUG o.s.s.a.m.DelegatingMethodSecurityMetadataSource - Caching method [CacheKey[com.UsdtWallet.UsdtWallet.controller.UserController; public org.springframework.http.ResponseEntity com.UsdtWallet.UsdtWallet.controller.UserController.getUserById(java.util.UUID)]] with attributes [[authorize: 'hasRole('ADMIN') or #id == authentication.principal.id', filter: 'null', filterTarget: 'null']]
2025-08-16 11:22:56 [restartedMain] DEBUG o.s.s.a.p.PrePostAnnotationSecurityMetadataSource - @org.springframework.security.access.prepost.PreAuthorize("hasRole('ADMIN')") found on specific method: public org.springframework.http.ResponseEntity com.UsdtWallet.UsdtWallet.controller.UserController.getAllUsers(int,int,java.lang.String,java.lang.String)
2025-08-16 11:22:56 [restartedMain] DEBUG o.s.s.a.m.DelegatingMethodSecurityMetadataSource - Caching method [CacheKey[com.UsdtWallet.UsdtWallet.controller.UserController; public org.springframework.http.ResponseEntity com.UsdtWallet.UsdtWallet.controller.UserController.getAllUsers(int,int,java.lang.String,java.lang.String)]] with attributes [[authorize: 'hasRole('ADMIN')', filter: 'null', filterTarget: 'null']]
2025-08-16 11:22:56 [restartedMain] DEBUG o.s.s.a.p.PrePostAnnotationSecurityMetadataSource - @org.springframework.security.access.prepost.PreAuthorize("hasRole('ADMIN')") found on specific method: public org.springframework.http.ResponseEntity com.UsdtWallet.UsdtWallet.controller.UserController.deleteUser(java.lang.Long)
2025-08-16 11:22:56 [restartedMain] DEBUG o.s.s.a.m.DelegatingMethodSecurityMetadataSource - Caching method [CacheKey[com.UsdtWallet.UsdtWallet.controller.UserController; public org.springframework.http.ResponseEntity com.UsdtWallet.UsdtWallet.controller.UserController.deleteUser(java.lang.Long)]] with attributes [[authorize: 'hasRole('ADMIN')', filter: 'null', filterTarget: 'null']]
2025-08-16 11:22:56 [restartedMain] DEBUG o.s.s.a.p.PrePostAnnotationSecurityMetadataSource - @org.springframework.security.access.prepost.PreAuthorize("hasRole('ADMIN')") found on specific method: public org.springframework.http.ResponseEntity com.UsdtWallet.UsdtWallet.controller.UserController.createUser(com.UsdtWallet.UsdtWallet.model.dto.request.UserCreateRequest) throws org.apache.coyote.BadRequestException
2025-08-16 11:22:56 [restartedMain] DEBUG o.s.s.a.m.DelegatingMethodSecurityMetadataSource - Caching method [CacheKey[com.UsdtWallet.UsdtWallet.controller.UserController; public org.springframework.http.ResponseEntity com.UsdtWallet.UsdtWallet.controller.UserController.createUser(com.UsdtWallet.UsdtWallet.model.dto.request.UserCreateRequest) throws org.apache.coyote.BadRequestException]] with attributes [[authorize: 'hasRole('ADMIN')', filter: 'null', filterTarget: 'null']]
2025-08-16 11:22:56 [restartedMain] DEBUG o.s.s.a.p.PrePostAnnotationSecurityMetadataSource - @org.springframework.security.access.prepost.PreAuthorize("hasRole('ADMIN') or #id == authentication.principal.id") found on specific method: public org.springframework.http.ResponseEntity com.UsdtWallet.UsdtWallet.controller.UserController.updateUser(java.lang.Long,com.UsdtWallet.UsdtWallet.model.dto.request.UserCreateRequest)
2025-08-16 11:22:56 [restartedMain] DEBUG o.s.s.a.m.DelegatingMethodSecurityMetadataSource - Caching method [CacheKey[com.UsdtWallet.UsdtWallet.controller.UserController; public org.springframework.http.ResponseEntity com.UsdtWallet.UsdtWallet.controller.UserController.updateUser(java.lang.Long,com.UsdtWallet.UsdtWallet.model.dto.request.UserCreateRequest)]] with attributes [[authorize: 'hasRole('ADMIN') or #id == authentication.principal.id', filter: 'null', filterTarget: 'null']]
2025-08-16 11:22:56 [restartedMain] WARN  o.s.b.a.o.j.JpaBaseConfiguration$JpaWebConfiguration - spring.jpa.open-in-view is enabled by default. Therefore, database queries may be performed during view rendering. Explicitly configure spring.jpa.open-in-view to disable this warning
2025-08-16 11:22:56 [restartedMain] DEBUG o.s.s.web.DefaultSecurityFilterChain - Will secure any request with filters: DisableEncodeUrlFilter, WebAsyncManagerIntegrationFilter, SecurityContextHolderFilter, HeaderWriterFilter, LogoutFilter, RequestCacheAwareFilter, SecurityContextHolderAwareRequestFilter, AnonymousAuthenticationFilter, SessionManagementFilter, ExceptionTranslationFilter, AuthorizationFilter
2025-08-16 11:22:56 [restartedMain] INFO  o.s.b.d.a.OptionalLiveReloadServer - LiveReload server is running on port 35729
2025-08-16 11:22:56 [restartedMain] INFO  o.s.b.w.e.tomcat.TomcatWebServer - Tomcat started on port 8080 (http) with context path '/'
2025-08-16 11:22:56 [restartedMain] INFO  c.U.UsdtWallet.UsdtWalletApplication - Started UsdtWalletApplication in 3.222 seconds (process running for 3.679)
2025-08-16 11:22:59 [http-nio-8080-exec-1] INFO  o.a.c.c.C.[Tomcat].[localhost].[/] - Initializing Spring DispatcherServlet 'dispatcherServlet'
2025-08-16 11:22:59 [http-nio-8080-exec-1] INFO  o.s.web.servlet.DispatcherServlet - Initializing Servlet 'dispatcherServlet'
2025-08-16 11:22:59 [http-nio-8080-exec-1] INFO  o.s.web.servlet.DispatcherServlet - Completed initialization in 1 ms
2025-08-16 11:22:59 [http-nio-8080-exec-1] DEBUG o.s.security.web.FilterChainProxy - Securing GET /swagger-ui/index.html
2025-08-16 11:22:59 [http-nio-8080-exec-1] DEBUG o.s.s.w.a.AnonymousAuthenticationFilter - Set SecurityContextHolder to anonymous SecurityContext
2025-08-16 11:22:59 [http-nio-8080-exec-1] DEBUG o.s.security.web.FilterChainProxy - Secured GET /swagger-ui/index.html
2025-08-16 11:22:59 [http-nio-8080-exec-2] DEBUG o.s.security.web.FilterChainProxy - Securing GET /favicon.ico
2025-08-16 11:22:59 [http-nio-8080-exec-2] DEBUG o.s.s.w.a.AnonymousAuthenticationFilter - Set SecurityContextHolder to anonymous SecurityContext
2025-08-16 11:23:08 [SpringApplicationShutdownHook] INFO  o.s.b.w.e.tomcat.GracefulShutdown - Commencing graceful shutdown. Waiting for active requests to complete
2025-08-16 11:23:08 [tomcat-shutdown] INFO  o.s.b.w.e.tomcat.GracefulShutdown - Graceful shutdown complete
2025-08-16 11:23:08 [SpringApplicationShutdownHook] INFO  o.s.o.j.LocalContainerEntityManagerFactoryBean - Closing JPA EntityManagerFactory for persistence unit 'default'
2025-08-16 11:23:08 [SpringApplicationShutdownHook] INFO  com.zaxxer.hikari.HikariDataSource - HikariPool-1 - Shutdown initiated...
2025-08-16 11:23:08 [SpringApplicationShutdownHook] INFO  com.zaxxer.hikari.HikariDataSource - HikariPool-1 - Shutdown completed.
2025-08-16 11:23:13 [restartedMain] INFO  c.U.UsdtWallet.UsdtWalletApplication - Starting UsdtWalletApplication using Java 24.0.1 with PID 33832 (C:\Users\Admin\Desktop\cripto-project\UsdtWallet\target\classes started by Admin in C:\Users\Admin\Desktop\cripto-project\UsdtWallet)
2025-08-16 11:23:13 [restartedMain] DEBUG c.U.UsdtWallet.UsdtWalletApplication - Running with Spring Boot v3.5.4, Spring v6.2.9
2025-08-16 11:23:13 [restartedMain] INFO  c.U.UsdtWallet.UsdtWalletApplication - The following 1 profile is active: "dev"
2025-08-16 11:23:13 [restartedMain] INFO  o.s.b.d.e.DevToolsPropertyDefaultsPostProcessor - Devtools property defaults active! Set 'spring.devtools.add-properties' to 'false' to disable
2025-08-16 11:23:13 [restartedMain] INFO  o.s.b.d.e.DevToolsPropertyDefaultsPostProcessor - For additional web related logging consider setting the 'logging.level.web' property to 'DEBUG'
2025-08-16 11:23:13 [restartedMain] INFO  o.s.d.r.c.RepositoryConfigurationDelegate - Bootstrapping Spring Data JPA repositories in DEFAULT mode.
2025-08-16 11:23:13 [restartedMain] INFO  o.s.d.r.c.RepositoryConfigurationDelegate - Finished Spring Data repository scanning in 18 ms. Found 1 JPA repository interface.
2025-08-16 11:23:14 [restartedMain] INFO  o.s.b.w.e.tomcat.TomcatWebServer - Tomcat initialized with port 8080 (http)
2025-08-16 11:23:14 [restartedMain] INFO  o.a.catalina.core.StandardService - Starting service [Tomcat]
2025-08-16 11:23:14 [restartedMain] INFO  o.a.catalina.core.StandardEngine - Starting Servlet engine: [Apache Tomcat/10.1.43]
2025-08-16 11:23:14 [restartedMain] INFO  o.a.c.c.C.[Tomcat].[localhost].[/] - Initializing Spring embedded WebApplicationContext
2025-08-16 11:23:14 [restartedMain] INFO  o.s.b.w.s.c.ServletWebServerApplicationContext - Root WebApplicationContext: initialization completed in 927 ms
2025-08-16 11:23:14 [restartedMain] ERROR o.s.b.w.e.tomcat.TomcatStarter - Error starting Tomcat context. Exception: org.springframework.beans.factory.UnsatisfiedDependencyException. Message: Error creating bean with name 'jwtAuthenticationFilter': Unsatisfied dependency expressed through field 'tokenProvider': Error creating bean with name 'jwtTokenProvider': Injection of autowired dependencies failed
2025-08-16 11:23:14 [restartedMain] INFO  o.a.catalina.core.StandardService - Stopping service [Tomcat]
2025-08-16 11:23:14 [restartedMain] WARN  o.s.b.w.s.c.AnnotationConfigServletWebServerApplicationContext - Exception encountered during context initialization - cancelling refresh attempt: org.springframework.context.ApplicationContextException: Unable to start web server
2025-08-16 11:23:14 [restartedMain] INFO  o.s.b.a.l.ConditionEvaluationReportLogger - 

Error starting ApplicationContext. To display the condition evaluation report re-run your application with 'debug' enabled.
2025-08-16 11:23:14 [restartedMain] ERROR o.s.boot.SpringApplication - Application run failed
org.springframework.context.ApplicationContextException: Unable to start web server
	at org.springframework.boot.web.servlet.context.ServletWebServerApplicationContext.onRefresh(ServletWebServerApplicationContext.java:170)
	at org.springframework.context.support.AbstractApplicationContext.refresh(AbstractApplicationContext.java:621)
	at org.springframework.boot.web.servlet.context.ServletWebServerApplicationContext.refresh(ServletWebServerApplicationContext.java:146)
	at org.springframework.boot.SpringApplication.refresh(SpringApplication.java:752)
	at org.springframework.boot.SpringApplication.refreshContext(SpringApplication.java:439)
	at org.springframework.boot.SpringApplication.run(SpringApplication.java:318)
	at org.springframework.boot.SpringApplication.run(SpringApplication.java:1361)
	at org.springframework.boot.SpringApplication.run(SpringApplication.java:1350)
	at com.UsdtWallet.UsdtWallet.UsdtWalletApplication.main(UsdtWalletApplication.java:10)
	at java.base/jdk.internal.reflect.DirectMethodHandleAccessor.invoke(DirectMethodHandleAccessor.java:104)
	at java.base/java.lang.reflect.Method.invoke(Method.java:565)
	at org.springframework.boot.devtools.restart.RestartLauncher.run(RestartLauncher.java:50)
Caused by: org.springframework.boot.web.server.WebServerException: Unable to start embedded Tomcat
	at org.springframework.boot.web.embedded.tomcat.TomcatWebServer.initialize(TomcatWebServer.java:147)
	at org.springframework.boot.web.embedded.tomcat.TomcatWebServer.<init>(TomcatWebServer.java:107)
	at org.springframework.boot.web.embedded.tomcat.TomcatServletWebServerFactory.getTomcatWebServer(TomcatServletWebServerFactory.java:517)
	at org.springframework.boot.web.embedded.tomcat.TomcatServletWebServerFactory.getWebServer(TomcatServletWebServerFactory.java:219)
	at org.springframework.boot.web.servlet.context.ServletWebServerApplicationContext.createWebServer(ServletWebServerApplicationContext.java:193)
	at org.springframework.boot.web.servlet.context.ServletWebServerApplicationContext.onRefresh(ServletWebServerApplicationContext.java:167)
	... 11 common frames omitted
Caused by: org.springframework.beans.factory.UnsatisfiedDependencyException: Error creating bean with name 'jwtAuthenticationFilter': Unsatisfied dependency expressed through field 'tokenProvider': Error creating bean with name 'jwtTokenProvider': Injection of autowired dependencies failed
	at org.springframework.beans.factory.annotation.AutowiredAnnotationBeanPostProcessor$AutowiredFieldElement.resolveFieldValue(AutowiredAnnotationBeanPostProcessor.java:788)
	at org.springframework.beans.factory.annotation.AutowiredAnnotationBeanPostProcessor$AutowiredFieldElement.inject(AutowiredAnnotationBeanPostProcessor.java:768)
	at org.springframework.beans.factory.annotation.InjectionMetadata.inject(InjectionMetadata.java:146)
	at org.springframework.beans.factory.annotation.AutowiredAnnotationBeanPostProcessor.postProcessProperties(AutowiredAnnotationBeanPostProcessor.java:509)
	at org.springframework.beans.factory.support.AbstractAutowireCapableBeanFactory.populateBean(AbstractAutowireCapableBeanFactory.java:1459)
	at org.springframework.beans.factory.support.AbstractAutowireCapableBeanFactory.doCreateBean(AbstractAutowireCapableBeanFactory.java:606)
	at org.springframework.beans.factory.support.AbstractAutowireCapableBeanFactory.createBean(AbstractAutowireCapableBeanFactory.java:529)
	at org.springframework.beans.factory.support.AbstractBeanFactory.lambda$doGetBean$0(AbstractBeanFactory.java:339)
	at org.springframework.beans.factory.support.DefaultSingletonBeanRegistry.getSingleton(DefaultSingletonBeanRegistry.java:373)
	at org.springframework.beans.factory.support.AbstractBeanFactory.doGetBean(AbstractBeanFactory.java:337)
	at org.springframework.beans.factory.support.AbstractBeanFactory.getBean(AbstractBeanFactory.java:207)
	at org.springframework.boot.web.servlet.ServletContextInitializerBeans.getOrderedBeansOfType(ServletContextInitializerBeans.java:230)
	at org.springframework.boot.web.servlet.ServletContextInitializerBeans.addAsRegistrationBean(ServletContextInitializerBeans.java:184)
	at org.springframework.boot.web.servlet.ServletContextInitializerBeans.addAsRegistrationBean(ServletContextInitializerBeans.java:179)
	at org.springframework.boot.web.servlet.ServletContextInitializerBeans.addAdaptableBeans(ServletContextInitializerBeans.java:164)
	at org.springframework.boot.web.servlet.ServletContextInitializerBeans.<init>(ServletContextInitializerBeans.java:96)
	at org.springframework.boot.web.servlet.context.ServletWebServerApplicationContext.getServletContextInitializerBeans(ServletWebServerApplicationContext.java:271)
	at org.springframework.boot.web.servlet.context.ServletWebServerApplicationContext.selfInitialize(ServletWebServerApplicationContext.java:245)
	at org.springframework.boot.web.embedded.tomcat.TomcatStarter.onStartup(TomcatStarter.java:52)
	at org.apache.catalina.core.StandardContext.startInternal(StandardContext.java:4464)
	at org.apache.catalina.util.LifecycleBase.start(LifecycleBase.java:164)
	at org.apache.catalina.core.ContainerBase$StartChild.call(ContainerBase.java:1203)
	at org.apache.catalina.core.ContainerBase$StartChild.call(ContainerBase.java:1193)
	at java.base/java.util.concurrent.FutureTask.run(FutureTask.java:328)
	at org.apache.tomcat.util.threads.InlineExecutorService.execute(InlineExecutorService.java:75)
	at java.base/java.util.concurrent.AbstractExecutorService.submit(AbstractExecutorService.java:148)
	at org.apache.catalina.core.ContainerBase.startInternal(ContainerBase.java:749)
	at org.apache.catalina.core.StandardHost.startInternal(StandardHost.java:772)
	at org.apache.catalina.util.LifecycleBase.start(LifecycleBase.java:164)
	at org.apache.catalina.core.ContainerBase$StartChild.call(ContainerBase.java:1203)
	at org.apache.catalina.core.ContainerBase$StartChild.call(ContainerBase.java:1193)
	at java.base/java.util.concurrent.FutureTask.run(FutureTask.java:328)
	at org.apache.tomcat.util.threads.InlineExecutorService.execute(InlineExecutorService.java:75)
	at java.base/java.util.concurrent.AbstractExecutorService.submit(AbstractExecutorService.java:148)
	at org.apache.catalina.core.ContainerBase.startInternal(ContainerBase.java:749)
	at org.apache.catalina.core.StandardEngine.startInternal(StandardEngine.java:203)
	at org.apache.catalina.util.LifecycleBase.start(LifecycleBase.java:164)
	at org.apache.catalina.core.StandardService.startInternal(StandardService.java:412)
	at org.apache.catalina.util.LifecycleBase.start(LifecycleBase.java:164)
	at org.apache.catalina.core.StandardServer.startInternal(StandardServer.java:870)
	at org.apache.catalina.util.LifecycleBase.start(LifecycleBase.java:164)
	at org.apache.catalina.startup.Tomcat.start(Tomcat.java:438)
	at org.springframework.boot.web.embedded.tomcat.TomcatWebServer.initialize(TomcatWebServer.java:128)
	... 16 common frames omitted
Caused by: org.springframework.beans.factory.BeanCreationException: Error creating bean with name 'jwtTokenProvider': Injection of autowired dependencies failed
	at org.springframework.beans.factory.annotation.AutowiredAnnotationBeanPostProcessor.postProcessProperties(AutowiredAnnotationBeanPostProcessor.java:515)
	at org.springframework.beans.factory.support.AbstractAutowireCapableBeanFactory.populateBean(AbstractAutowireCapableBeanFactory.java:1459)
	at org.springframework.beans.factory.support.AbstractAutowireCapableBeanFactory.doCreateBean(AbstractAutowireCapableBeanFactory.java:606)
	at org.springframework.beans.factory.support.AbstractAutowireCapableBeanFactory.createBean(AbstractAutowireCapableBeanFactory.java:529)
	at org.springframework.beans.factory.support.AbstractBeanFactory.lambda$doGetBean$0(AbstractBeanFactory.java:339)
	at org.springframework.beans.factory.support.DefaultSingletonBeanRegistry.getSingleton(DefaultSingletonBeanRegistry.java:373)
	at org.springframework.beans.factory.support.AbstractBeanFactory.doGetBean(AbstractBeanFactory.java:337)
	at org.springframework.beans.factory.support.AbstractBeanFactory.getBean(AbstractBeanFactory.java:202)
	at org.springframework.beans.factory.config.DependencyDescriptor.resolveCandidate(DependencyDescriptor.java:254)
	at org.springframework.beans.factory.support.DefaultListableBeanFactory.doResolveDependency(DefaultListableBeanFactory.java:1745)
	at org.springframework.beans.factory.support.DefaultListableBeanFactory.resolveDependency(DefaultListableBeanFactory.java:1628)
	at org.springframework.beans.factory.annotation.AutowiredAnnotationBeanPostProcessor$AutowiredFieldElement.resolveFieldValue(AutowiredAnnotationBeanPostProcessor.java:785)
	... 58 common frames omitted
Caused by: org.springframework.util.PlaceholderResolutionException: Could not resolve placeholder 'spring.security.jwt.secret' in value "${spring.security.jwt.secret}"
	at org.springframework.util.PlaceholderResolutionException.withValue(PlaceholderResolutionException.java:81)
	at org.springframework.util.PlaceholderParser$ParsedValue.resolve(PlaceholderParser.java:423)
	at org.springframework.util.PlaceholderParser.replacePlaceholders(PlaceholderParser.java:128)
	at org.springframework.util.PropertyPlaceholderHelper.parseStringValue(PropertyPlaceholderHelper.java:118)
	at org.springframework.util.PropertyPlaceholderHelper.replacePlaceholders(PropertyPlaceholderHelper.java:114)
	at org.springframework.core.env.AbstractPropertyResolver.doResolvePlaceholders(AbstractPropertyResolver.java:293)
	at org.springframework.core.env.AbstractPropertyResolver.resolveRequiredPlaceholders(AbstractPropertyResolver.java:264)
	at org.springframework.context.support.PropertySourcesPlaceholderConfigurer.lambda$processProperties$0(PropertySourcesPlaceholderConfigurer.java:186)
	at org.springframework.beans.factory.support.AbstractBeanFactory.resolveEmbeddedValue(AbstractBeanFactory.java:971)
	at org.springframework.beans.factory.support.DefaultListableBeanFactory.doResolveDependency(DefaultListableBeanFactory.java:1650)
	at org.springframework.beans.factory.support.DefaultListableBeanFactory.resolveDependency(DefaultListableBeanFactory.java:1628)
	at org.springframework.beans.factory.annotation.AutowiredAnnotationBeanPostProcessor$AutowiredFieldElement.resolveFieldValue(AutowiredAnnotationBeanPostProcessor.java:785)
	at org.springframework.beans.factory.annotation.AutowiredAnnotationBeanPostProcessor$AutowiredFieldElement.inject(AutowiredAnnotationBeanPostProcessor.java:768)
	at org.springframework.beans.factory.annotation.InjectionMetadata.inject(InjectionMetadata.java:146)
	at org.springframework.beans.factory.annotation.AutowiredAnnotationBeanPostProcessor.postProcessProperties(AutowiredAnnotationBeanPostProcessor.java:509)
	... 69 common frames omitted
2025-08-16 11:25:09 [restartedMain] INFO  c.U.UsdtWallet.UsdtWalletApplication - Starting UsdtWalletApplication using Java 24.0.1 with PID 3984 (C:\Users\Admin\Desktop\cripto-project\UsdtWallet\target\classes started by Admin in C:\Users\Admin\Desktop\cripto-project\UsdtWallet)
2025-08-16 11:25:09 [restartedMain] DEBUG c.U.UsdtWallet.UsdtWalletApplication - Running with Spring Boot v3.5.4, Spring v6.2.9
2025-08-16 11:25:09 [restartedMain] INFO  c.U.UsdtWallet.UsdtWalletApplication - No active profile set, falling back to 1 default profile: "default"
2025-08-16 11:25:09 [restartedMain] INFO  o.s.b.d.e.DevToolsPropertyDefaultsPostProcessor - Devtools property defaults active! Set 'spring.devtools.add-properties' to 'false' to disable
2025-08-16 11:25:09 [restartedMain] INFO  o.s.b.d.e.DevToolsPropertyDefaultsPostProcessor - For additional web related logging consider setting the 'logging.level.web' property to 'DEBUG'
2025-08-16 11:25:09 [restartedMain] INFO  o.s.d.r.c.RepositoryConfigurationDelegate - Bootstrapping Spring Data JPA repositories in DEFAULT mode.
2025-08-16 11:25:09 [restartedMain] INFO  o.s.d.r.c.RepositoryConfigurationDelegate - Finished Spring Data repository scanning in 23 ms. Found 1 JPA repository interface.
2025-08-16 11:25:10 [restartedMain] INFO  o.s.b.w.e.tomcat.TomcatWebServer - Tomcat initialized with port 8080 (http)
2025-08-16 11:25:10 [restartedMain] INFO  o.a.catalina.core.StandardService - Starting service [Tomcat]
2025-08-16 11:25:10 [restartedMain] INFO  o.a.catalina.core.StandardEngine - Starting Servlet engine: [Apache Tomcat/10.1.43]
2025-08-16 11:25:10 [restartedMain] INFO  o.a.c.c.C.[Tomcat].[localhost].[/] - Initializing Spring embedded WebApplicationContext
2025-08-16 11:25:10 [restartedMain] INFO  o.s.b.w.s.c.ServletWebServerApplicationContext - Root WebApplicationContext: initialization completed in 900 ms
2025-08-16 11:25:10 [restartedMain] ERROR o.s.b.w.e.tomcat.TomcatStarter - Error starting Tomcat context. Exception: org.springframework.beans.factory.UnsatisfiedDependencyException. Message: Error creating bean with name 'jwtAuthenticationFilter': Unsatisfied dependency expressed through field 'tokenProvider': Error creating bean with name 'jwtTokenProvider': Injection of autowired dependencies failed
2025-08-16 11:25:10 [restartedMain] INFO  o.a.catalina.core.StandardService - Stopping service [Tomcat]
2025-08-16 11:25:10 [restartedMain] WARN  o.s.b.w.s.c.AnnotationConfigServletWebServerApplicationContext - Exception encountered during context initialization - cancelling refresh attempt: org.springframework.context.ApplicationContextException: Unable to start web server
2025-08-16 11:25:10 [restartedMain] INFO  o.s.b.a.l.ConditionEvaluationReportLogger - 

Error starting ApplicationContext. To display the condition evaluation report re-run your application with 'debug' enabled.
2025-08-16 11:25:10 [restartedMain] ERROR o.s.boot.SpringApplication - Application run failed
org.springframework.context.ApplicationContextException: Unable to start web server
	at org.springframework.boot.web.servlet.context.ServletWebServerApplicationContext.onRefresh(ServletWebServerApplicationContext.java:170)
	at org.springframework.context.support.AbstractApplicationContext.refresh(AbstractApplicationContext.java:621)
	at org.springframework.boot.web.servlet.context.ServletWebServerApplicationContext.refresh(ServletWebServerApplicationContext.java:146)
	at org.springframework.boot.SpringApplication.refresh(SpringApplication.java:752)
	at org.springframework.boot.SpringApplication.refreshContext(SpringApplication.java:439)
	at org.springframework.boot.SpringApplication.run(SpringApplication.java:318)
	at org.springframework.boot.SpringApplication.run(SpringApplication.java:1361)
	at org.springframework.boot.SpringApplication.run(SpringApplication.java:1350)
	at com.UsdtWallet.UsdtWallet.UsdtWalletApplication.main(UsdtWalletApplication.java:10)
	at java.base/jdk.internal.reflect.DirectMethodHandleAccessor.invoke(DirectMethodHandleAccessor.java:104)
	at java.base/java.lang.reflect.Method.invoke(Method.java:565)
	at org.springframework.boot.devtools.restart.RestartLauncher.run(RestartLauncher.java:50)
Caused by: org.springframework.boot.web.server.WebServerException: Unable to start embedded Tomcat
	at org.springframework.boot.web.embedded.tomcat.TomcatWebServer.initialize(TomcatWebServer.java:147)
	at org.springframework.boot.web.embedded.tomcat.TomcatWebServer.<init>(TomcatWebServer.java:107)
	at org.springframework.boot.web.embedded.tomcat.TomcatServletWebServerFactory.getTomcatWebServer(TomcatServletWebServerFactory.java:517)
	at org.springframework.boot.web.embedded.tomcat.TomcatServletWebServerFactory.getWebServer(TomcatServletWebServerFactory.java:219)
	at org.springframework.boot.web.servlet.context.ServletWebServerApplicationContext.createWebServer(ServletWebServerApplicationContext.java:193)
	at org.springframework.boot.web.servlet.context.ServletWebServerApplicationContext.onRefresh(ServletWebServerApplicationContext.java:167)
	... 11 common frames omitted
Caused by: org.springframework.beans.factory.UnsatisfiedDependencyException: Error creating bean with name 'jwtAuthenticationFilter': Unsatisfied dependency expressed through field 'tokenProvider': Error creating bean with name 'jwtTokenProvider': Injection of autowired dependencies failed
	at org.springframework.beans.factory.annotation.AutowiredAnnotationBeanPostProcessor$AutowiredFieldElement.resolveFieldValue(AutowiredAnnotationBeanPostProcessor.java:788)
	at org.springframework.beans.factory.annotation.AutowiredAnnotationBeanPostProcessor$AutowiredFieldElement.inject(AutowiredAnnotationBeanPostProcessor.java:768)
	at org.springframework.beans.factory.annotation.InjectionMetadata.inject(InjectionMetadata.java:146)
	at org.springframework.beans.factory.annotation.AutowiredAnnotationBeanPostProcessor.postProcessProperties(AutowiredAnnotationBeanPostProcessor.java:509)
	at org.springframework.beans.factory.support.AbstractAutowireCapableBeanFactory.populateBean(AbstractAutowireCapableBeanFactory.java:1459)
	at org.springframework.beans.factory.support.AbstractAutowireCapableBeanFactory.doCreateBean(AbstractAutowireCapableBeanFactory.java:606)
	at org.springframework.beans.factory.support.AbstractAutowireCapableBeanFactory.createBean(AbstractAutowireCapableBeanFactory.java:529)
	at org.springframework.beans.factory.support.AbstractBeanFactory.lambda$doGetBean$0(AbstractBeanFactory.java:339)
	at org.springframework.beans.factory.support.DefaultSingletonBeanRegistry.getSingleton(DefaultSingletonBeanRegistry.java:373)
	at org.springframework.beans.factory.support.AbstractBeanFactory.doGetBean(AbstractBeanFactory.java:337)
	at org.springframework.beans.factory.support.AbstractBeanFactory.getBean(AbstractBeanFactory.java:207)
	at org.springframework.boot.web.servlet.ServletContextInitializerBeans.getOrderedBeansOfType(ServletContextInitializerBeans.java:230)
	at org.springframework.boot.web.servlet.ServletContextInitializerBeans.addAsRegistrationBean(ServletContextInitializerBeans.java:184)
	at org.springframework.boot.web.servlet.ServletContextInitializerBeans.addAsRegistrationBean(ServletContextInitializerBeans.java:179)
	at org.springframework.boot.web.servlet.ServletContextInitializerBeans.addAdaptableBeans(ServletContextInitializerBeans.java:164)
	at org.springframework.boot.web.servlet.ServletContextInitializerBeans.<init>(ServletContextInitializerBeans.java:96)
	at org.springframework.boot.web.servlet.context.ServletWebServerApplicationContext.getServletContextInitializerBeans(ServletWebServerApplicationContext.java:271)
	at org.springframework.boot.web.servlet.context.ServletWebServerApplicationContext.selfInitialize(ServletWebServerApplicationContext.java:245)
	at org.springframework.boot.web.embedded.tomcat.TomcatStarter.onStartup(TomcatStarter.java:52)
	at org.apache.catalina.core.StandardContext.startInternal(StandardContext.java:4464)
	at org.apache.catalina.util.LifecycleBase.start(LifecycleBase.java:164)
	at org.apache.catalina.core.ContainerBase$StartChild.call(ContainerBase.java:1203)
	at org.apache.catalina.core.ContainerBase$StartChild.call(ContainerBase.java:1193)
	at java.base/java.util.concurrent.FutureTask.run(FutureTask.java:328)
	at org.apache.tomcat.util.threads.InlineExecutorService.execute(InlineExecutorService.java:75)
	at java.base/java.util.concurrent.AbstractExecutorService.submit(AbstractExecutorService.java:148)
	at org.apache.catalina.core.ContainerBase.startInternal(ContainerBase.java:749)
	at org.apache.catalina.core.StandardHost.startInternal(StandardHost.java:772)
	at org.apache.catalina.util.LifecycleBase.start(LifecycleBase.java:164)
	at org.apache.catalina.core.ContainerBase$StartChild.call(ContainerBase.java:1203)
	at org.apache.catalina.core.ContainerBase$StartChild.call(ContainerBase.java:1193)
	at java.base/java.util.concurrent.FutureTask.run(FutureTask.java:328)
	at org.apache.tomcat.util.threads.InlineExecutorService.execute(InlineExecutorService.java:75)
	at java.base/java.util.concurrent.AbstractExecutorService.submit(AbstractExecutorService.java:148)
	at org.apache.catalina.core.ContainerBase.startInternal(ContainerBase.java:749)
	at org.apache.catalina.core.StandardEngine.startInternal(StandardEngine.java:203)
	at org.apache.catalina.util.LifecycleBase.start(LifecycleBase.java:164)
	at org.apache.catalina.core.StandardService.startInternal(StandardService.java:412)
	at org.apache.catalina.util.LifecycleBase.start(LifecycleBase.java:164)
	at org.apache.catalina.core.StandardServer.startInternal(StandardServer.java:870)
	at org.apache.catalina.util.LifecycleBase.start(LifecycleBase.java:164)
	at org.apache.catalina.startup.Tomcat.start(Tomcat.java:438)
	at org.springframework.boot.web.embedded.tomcat.TomcatWebServer.initialize(TomcatWebServer.java:128)
	... 16 common frames omitted
Caused by: org.springframework.beans.factory.BeanCreationException: Error creating bean with name 'jwtTokenProvider': Injection of autowired dependencies failed
	at org.springframework.beans.factory.annotation.AutowiredAnnotationBeanPostProcessor.postProcessProperties(AutowiredAnnotationBeanPostProcessor.java:515)
	at org.springframework.beans.factory.support.AbstractAutowireCapableBeanFactory.populateBean(AbstractAutowireCapableBeanFactory.java:1459)
	at org.springframework.beans.factory.support.AbstractAutowireCapableBeanFactory.doCreateBean(AbstractAutowireCapableBeanFactory.java:606)
	at org.springframework.beans.factory.support.AbstractAutowireCapableBeanFactory.createBean(AbstractAutowireCapableBeanFactory.java:529)
	at org.springframework.beans.factory.support.AbstractBeanFactory.lambda$doGetBean$0(AbstractBeanFactory.java:339)
	at org.springframework.beans.factory.support.DefaultSingletonBeanRegistry.getSingleton(DefaultSingletonBeanRegistry.java:373)
	at org.springframework.beans.factory.support.AbstractBeanFactory.doGetBean(AbstractBeanFactory.java:337)
	at org.springframework.beans.factory.support.AbstractBeanFactory.getBean(AbstractBeanFactory.java:202)
	at org.springframework.beans.factory.config.DependencyDescriptor.resolveCandidate(DependencyDescriptor.java:254)
	at org.springframework.beans.factory.support.DefaultListableBeanFactory.doResolveDependency(DefaultListableBeanFactory.java:1745)
	at org.springframework.beans.factory.support.DefaultListableBeanFactory.resolveDependency(DefaultListableBeanFactory.java:1628)
	at org.springframework.beans.factory.annotation.AutowiredAnnotationBeanPostProcessor$AutowiredFieldElement.resolveFieldValue(AutowiredAnnotationBeanPostProcessor.java:785)
	... 58 common frames omitted
Caused by: org.springframework.util.PlaceholderResolutionException: Could not resolve placeholder 'spring.security.jwt.secret' in value "${spring.security.jwt.secret}"
	at org.springframework.util.PlaceholderResolutionException.withValue(PlaceholderResolutionException.java:81)
	at org.springframework.util.PlaceholderParser$ParsedValue.resolve(PlaceholderParser.java:423)
	at org.springframework.util.PlaceholderParser.replacePlaceholders(PlaceholderParser.java:128)
	at org.springframework.util.PropertyPlaceholderHelper.parseStringValue(PropertyPlaceholderHelper.java:118)
	at org.springframework.util.PropertyPlaceholderHelper.replacePlaceholders(PropertyPlaceholderHelper.java:114)
	at org.springframework.core.env.AbstractPropertyResolver.doResolvePlaceholders(AbstractPropertyResolver.java:293)
	at org.springframework.core.env.AbstractPropertyResolver.resolveRequiredPlaceholders(AbstractPropertyResolver.java:264)
	at org.springframework.context.support.PropertySourcesPlaceholderConfigurer.lambda$processProperties$0(PropertySourcesPlaceholderConfigurer.java:186)
	at org.springframework.beans.factory.support.AbstractBeanFactory.resolveEmbeddedValue(AbstractBeanFactory.java:971)
	at org.springframework.beans.factory.support.DefaultListableBeanFactory.doResolveDependency(DefaultListableBeanFactory.java:1650)
	at org.springframework.beans.factory.support.DefaultListableBeanFactory.resolveDependency(DefaultListableBeanFactory.java:1628)
	at org.springframework.beans.factory.annotation.AutowiredAnnotationBeanPostProcessor$AutowiredFieldElement.resolveFieldValue(AutowiredAnnotationBeanPostProcessor.java:785)
	at org.springframework.beans.factory.annotation.AutowiredAnnotationBeanPostProcessor$AutowiredFieldElement.inject(AutowiredAnnotationBeanPostProcessor.java:768)
	at org.springframework.beans.factory.annotation.InjectionMetadata.inject(InjectionMetadata.java:146)
	at org.springframework.beans.factory.annotation.AutowiredAnnotationBeanPostProcessor.postProcessProperties(AutowiredAnnotationBeanPostProcessor.java:509)
	... 69 common frames omitted
2025-08-16 11:27:43 [restartedMain] INFO  c.U.UsdtWallet.UsdtWalletApplication - Starting UsdtWalletApplication using Java 24.0.1 with PID 31428 (C:\Users\Admin\Desktop\cripto-project\UsdtWallet\target\classes started by Admin in C:\Users\Admin\Desktop\cripto-project\UsdtWallet)
2025-08-16 11:27:43 [restartedMain] DEBUG c.U.UsdtWallet.UsdtWalletApplication - Running with Spring Boot v3.5.4, Spring v6.2.9
2025-08-16 11:27:43 [restartedMain] INFO  c.U.UsdtWallet.UsdtWalletApplication - No active profile set, falling back to 1 default profile: "default"
2025-08-16 11:27:43 [restartedMain] INFO  o.s.b.d.e.DevToolsPropertyDefaultsPostProcessor - Devtools property defaults active! Set 'spring.devtools.add-properties' to 'false' to disable
2025-08-16 11:27:43 [restartedMain] INFO  o.s.b.d.e.DevToolsPropertyDefaultsPostProcessor - For additional web related logging consider setting the 'logging.level.web' property to 'DEBUG'
2025-08-16 11:27:44 [restartedMain] INFO  o.s.d.r.c.RepositoryConfigurationDelegate - Bootstrapping Spring Data JPA repositories in DEFAULT mode.
2025-08-16 11:27:44 [restartedMain] INFO  o.s.d.r.c.RepositoryConfigurationDelegate - Finished Spring Data repository scanning in 19 ms. Found 1 JPA repository interface.
2025-08-16 11:27:44 [restartedMain] INFO  o.s.b.w.e.tomcat.TomcatWebServer - Tomcat initialized with port 8080 (http)
2025-08-16 11:27:44 [restartedMain] INFO  o.a.catalina.core.StandardService - Starting service [Tomcat]
2025-08-16 11:27:44 [restartedMain] INFO  o.a.catalina.core.StandardEngine - Starting Servlet engine: [Apache Tomcat/10.1.43]
2025-08-16 11:27:44 [restartedMain] INFO  o.a.c.c.C.[Tomcat].[localhost].[/] - Initializing Spring embedded WebApplicationContext
2025-08-16 11:27:44 [restartedMain] INFO  o.s.b.w.s.c.ServletWebServerApplicationContext - Root WebApplicationContext: initialization completed in 892 ms
2025-08-16 11:27:44 [restartedMain] ERROR o.s.b.w.e.tomcat.TomcatStarter - Error starting Tomcat context. Exception: org.springframework.beans.factory.UnsatisfiedDependencyException. Message: Error creating bean with name 'jwtAuthenticationFilter' defined in file [C:\Users\Admin\Desktop\cripto-project\UsdtWallet\target\classes\com\UsdtWallet\UsdtWallet\security\JwtAuthenticationFilter.class]: Unsatisfied dependency expressed through constructor parameter 0: Error creating bean with name 'jwtTokenProvider': Injection of autowired dependencies failed
2025-08-16 11:27:44 [restartedMain] INFO  o.a.catalina.core.StandardService - Stopping service [Tomcat]
2025-08-16 11:27:44 [restartedMain] WARN  o.s.b.w.s.c.AnnotationConfigServletWebServerApplicationContext - Exception encountered during context initialization - cancelling refresh attempt: org.springframework.context.ApplicationContextException: Unable to start web server
2025-08-16 11:27:44 [restartedMain] INFO  o.s.b.a.l.ConditionEvaluationReportLogger - 

Error starting ApplicationContext. To display the condition evaluation report re-run your application with 'debug' enabled.
2025-08-16 11:27:44 [restartedMain] ERROR o.s.boot.SpringApplication - Application run failed
org.springframework.context.ApplicationContextException: Unable to start web server
	at org.springframework.boot.web.servlet.context.ServletWebServerApplicationContext.onRefresh(ServletWebServerApplicationContext.java:170)
	at org.springframework.context.support.AbstractApplicationContext.refresh(AbstractApplicationContext.java:621)
	at org.springframework.boot.web.servlet.context.ServletWebServerApplicationContext.refresh(ServletWebServerApplicationContext.java:146)
	at org.springframework.boot.SpringApplication.refresh(SpringApplication.java:752)
	at org.springframework.boot.SpringApplication.refreshContext(SpringApplication.java:439)
	at org.springframework.boot.SpringApplication.run(SpringApplication.java:318)
	at org.springframework.boot.SpringApplication.run(SpringApplication.java:1361)
	at org.springframework.boot.SpringApplication.run(SpringApplication.java:1350)
	at com.UsdtWallet.UsdtWallet.UsdtWalletApplication.main(UsdtWalletApplication.java:10)
	at java.base/jdk.internal.reflect.DirectMethodHandleAccessor.invoke(DirectMethodHandleAccessor.java:104)
	at java.base/java.lang.reflect.Method.invoke(Method.java:565)
	at org.springframework.boot.devtools.restart.RestartLauncher.run(RestartLauncher.java:50)
Caused by: org.springframework.boot.web.server.WebServerException: Unable to start embedded Tomcat
	at org.springframework.boot.web.embedded.tomcat.TomcatWebServer.initialize(TomcatWebServer.java:147)
	at org.springframework.boot.web.embedded.tomcat.TomcatWebServer.<init>(TomcatWebServer.java:107)
	at org.springframework.boot.web.embedded.tomcat.TomcatServletWebServerFactory.getTomcatWebServer(TomcatServletWebServerFactory.java:517)
	at org.springframework.boot.web.embedded.tomcat.TomcatServletWebServerFactory.getWebServer(TomcatServletWebServerFactory.java:219)
	at org.springframework.boot.web.servlet.context.ServletWebServerApplicationContext.createWebServer(ServletWebServerApplicationContext.java:193)
	at org.springframework.boot.web.servlet.context.ServletWebServerApplicationContext.onRefresh(ServletWebServerApplicationContext.java:167)
	... 11 common frames omitted
Caused by: org.springframework.beans.factory.UnsatisfiedDependencyException: Error creating bean with name 'jwtAuthenticationFilter' defined in file [C:\Users\Admin\Desktop\cripto-project\UsdtWallet\target\classes\com\UsdtWallet\UsdtWallet\security\JwtAuthenticationFilter.class]: Unsatisfied dependency expressed through constructor parameter 0: Error creating bean with name 'jwtTokenProvider': Injection of autowired dependencies failed
	at org.springframework.beans.factory.support.ConstructorResolver.createArgumentArray(ConstructorResolver.java:804)
	at org.springframework.beans.factory.support.ConstructorResolver.autowireConstructor(ConstructorResolver.java:240)
	at org.springframework.beans.factory.support.AbstractAutowireCapableBeanFactory.autowireConstructor(AbstractAutowireCapableBeanFactory.java:1395)
	at org.springframework.beans.factory.support.AbstractAutowireCapableBeanFactory.createBeanInstance(AbstractAutowireCapableBeanFactory.java:1232)
	at org.springframework.beans.factory.support.AbstractAutowireCapableBeanFactory.doCreateBean(AbstractAutowireCapableBeanFactory.java:569)
	at org.springframework.beans.factory.support.AbstractAutowireCapableBeanFactory.createBean(AbstractAutowireCapableBeanFactory.java:529)
	at org.springframework.beans.factory.support.AbstractBeanFactory.lambda$doGetBean$0(AbstractBeanFactory.java:339)
	at org.springframework.beans.factory.support.DefaultSingletonBeanRegistry.getSingleton(DefaultSingletonBeanRegistry.java:373)
	at org.springframework.beans.factory.support.AbstractBeanFactory.doGetBean(AbstractBeanFactory.java:337)
	at org.springframework.beans.factory.support.AbstractBeanFactory.getBean(AbstractBeanFactory.java:207)
	at org.springframework.boot.web.servlet.ServletContextInitializerBeans.getOrderedBeansOfType(ServletContextInitializerBeans.java:230)
	at org.springframework.boot.web.servlet.ServletContextInitializerBeans.addAsRegistrationBean(ServletContextInitializerBeans.java:184)
	at org.springframework.boot.web.servlet.ServletContextInitializerBeans.addAsRegistrationBean(ServletContextInitializerBeans.java:179)
	at org.springframework.boot.web.servlet.ServletContextInitializerBeans.addAdaptableBeans(ServletContextInitializerBeans.java:164)
	at org.springframework.boot.web.servlet.ServletContextInitializerBeans.<init>(ServletContextInitializerBeans.java:96)
	at org.springframework.boot.web.servlet.context.ServletWebServerApplicationContext.getServletContextInitializerBeans(ServletWebServerApplicationContext.java:271)
	at org.springframework.boot.web.servlet.context.ServletWebServerApplicationContext.selfInitialize(ServletWebServerApplicationContext.java:245)
	at org.springframework.boot.web.embedded.tomcat.TomcatStarter.onStartup(TomcatStarter.java:52)
	at org.apache.catalina.core.StandardContext.startInternal(StandardContext.java:4464)
	at org.apache.catalina.util.LifecycleBase.start(LifecycleBase.java:164)
	at org.apache.catalina.core.ContainerBase$StartChild.call(ContainerBase.java:1203)
	at org.apache.catalina.core.ContainerBase$StartChild.call(ContainerBase.java:1193)
	at java.base/java.util.concurrent.FutureTask.run(FutureTask.java:328)
	at org.apache.tomcat.util.threads.InlineExecutorService.execute(InlineExecutorService.java:75)
	at java.base/java.util.concurrent.AbstractExecutorService.submit(AbstractExecutorService.java:148)
	at org.apache.catalina.core.ContainerBase.startInternal(ContainerBase.java:749)
	at org.apache.catalina.core.StandardHost.startInternal(StandardHost.java:772)
	at org.apache.catalina.util.LifecycleBase.start(LifecycleBase.java:164)
	at org.apache.catalina.core.ContainerBase$StartChild.call(ContainerBase.java:1203)
	at org.apache.catalina.core.ContainerBase$StartChild.call(ContainerBase.java:1193)
	at java.base/java.util.concurrent.FutureTask.run(FutureTask.java:328)
	at org.apache.tomcat.util.threads.InlineExecutorService.execute(InlineExecutorService.java:75)
	at java.base/java.util.concurrent.AbstractExecutorService.submit(AbstractExecutorService.java:148)
	at org.apache.catalina.core.ContainerBase.startInternal(ContainerBase.java:749)
	at org.apache.catalina.core.StandardEngine.startInternal(StandardEngine.java:203)
	at org.apache.catalina.util.LifecycleBase.start(LifecycleBase.java:164)
	at org.apache.catalina.core.StandardService.startInternal(StandardService.java:412)
	at org.apache.catalina.util.LifecycleBase.start(LifecycleBase.java:164)
	at org.apache.catalina.core.StandardServer.startInternal(StandardServer.java:870)
	at org.apache.catalina.util.LifecycleBase.start(LifecycleBase.java:164)
	at org.apache.catalina.startup.Tomcat.start(Tomcat.java:438)
	at org.springframework.boot.web.embedded.tomcat.TomcatWebServer.initialize(TomcatWebServer.java:128)
	... 16 common frames omitted
Caused by: org.springframework.beans.factory.BeanCreationException: Error creating bean with name 'jwtTokenProvider': Injection of autowired dependencies failed
	at org.springframework.beans.factory.annotation.AutowiredAnnotationBeanPostProcessor.postProcessProperties(AutowiredAnnotationBeanPostProcessor.java:515)
	at org.springframework.beans.factory.support.AbstractAutowireCapableBeanFactory.populateBean(AbstractAutowireCapableBeanFactory.java:1459)
	at org.springframework.beans.factory.support.AbstractAutowireCapableBeanFactory.doCreateBean(AbstractAutowireCapableBeanFactory.java:606)
	at org.springframework.beans.factory.support.AbstractAutowireCapableBeanFactory.createBean(AbstractAutowireCapableBeanFactory.java:529)
	at org.springframework.beans.factory.support.AbstractBeanFactory.lambda$doGetBean$0(AbstractBeanFactory.java:339)
	at org.springframework.beans.factory.support.DefaultSingletonBeanRegistry.getSingleton(DefaultSingletonBeanRegistry.java:373)
	at org.springframework.beans.factory.support.AbstractBeanFactory.doGetBean(AbstractBeanFactory.java:337)
	at org.springframework.beans.factory.support.AbstractBeanFactory.getBean(AbstractBeanFactory.java:202)
	at org.springframework.beans.factory.config.DependencyDescriptor.resolveCandidate(DependencyDescriptor.java:254)
	at org.springframework.beans.factory.support.DefaultListableBeanFactory.doResolveDependency(DefaultListableBeanFactory.java:1745)
	at org.springframework.beans.factory.support.DefaultListableBeanFactory.resolveDependency(DefaultListableBeanFactory.java:1628)
	at org.springframework.beans.factory.support.ConstructorResolver.resolveAutowiredArgument(ConstructorResolver.java:913)
	at org.springframework.beans.factory.support.ConstructorResolver.createArgumentArray(ConstructorResolver.java:791)
	... 57 common frames omitted
Caused by: org.springframework.util.PlaceholderResolutionException: Could not resolve placeholder 'spring.security.jwt.secret' in value "${spring.security.jwt.secret}"
	at org.springframework.util.PlaceholderResolutionException.withValue(PlaceholderResolutionException.java:81)
	at org.springframework.util.PlaceholderParser$ParsedValue.resolve(PlaceholderParser.java:423)
	at org.springframework.util.PlaceholderParser.replacePlaceholders(PlaceholderParser.java:128)
	at org.springframework.util.PropertyPlaceholderHelper.parseStringValue(PropertyPlaceholderHelper.java:118)
	at org.springframework.util.PropertyPlaceholderHelper.replacePlaceholders(PropertyPlaceholderHelper.java:114)
	at org.springframework.core.env.AbstractPropertyResolver.doResolvePlaceholders(AbstractPropertyResolver.java:293)
	at org.springframework.core.env.AbstractPropertyResolver.resolveRequiredPlaceholders(AbstractPropertyResolver.java:264)
	at org.springframework.context.support.PropertySourcesPlaceholderConfigurer.lambda$processProperties$0(PropertySourcesPlaceholderConfigurer.java:186)
	at org.springframework.beans.factory.support.AbstractBeanFactory.resolveEmbeddedValue(AbstractBeanFactory.java:971)
	at org.springframework.beans.factory.support.DefaultListableBeanFactory.doResolveDependency(DefaultListableBeanFactory.java:1650)
	at org.springframework.beans.factory.support.DefaultListableBeanFactory.resolveDependency(DefaultListableBeanFactory.java:1628)
	at org.springframework.beans.factory.annotation.AutowiredAnnotationBeanPostProcessor$AutowiredFieldElement.resolveFieldValue(AutowiredAnnotationBeanPostProcessor.java:785)
	at org.springframework.beans.factory.annotation.AutowiredAnnotationBeanPostProcessor$AutowiredFieldElement.inject(AutowiredAnnotationBeanPostProcessor.java:768)
	at org.springframework.beans.factory.annotation.InjectionMetadata.inject(InjectionMetadata.java:146)
	at org.springframework.beans.factory.annotation.AutowiredAnnotationBeanPostProcessor.postProcessProperties(AutowiredAnnotationBeanPostProcessor.java:509)
	... 69 common frames omitted
2025-08-16 11:31:27 [restartedMain] INFO  c.U.UsdtWallet.UsdtWalletApplication - Starting UsdtWalletApplication using Java 24.0.1 with PID 22284 (C:\Users\Admin\Desktop\cripto-project\UsdtWallet\target\classes started by Admin in C:\Users\Admin\Desktop\cripto-project\UsdtWallet)
2025-08-16 11:31:27 [restartedMain] DEBUG c.U.UsdtWallet.UsdtWalletApplication - Running with Spring Boot v3.5.4, Spring v6.2.9
2025-08-16 11:31:27 [restartedMain] INFO  c.U.UsdtWallet.UsdtWalletApplication - No active profile set, falling back to 1 default profile: "default"
2025-08-16 11:31:27 [restartedMain] INFO  o.s.b.d.e.DevToolsPropertyDefaultsPostProcessor - Devtools property defaults active! Set 'spring.devtools.add-properties' to 'false' to disable
2025-08-16 11:31:27 [restartedMain] INFO  o.s.b.d.e.DevToolsPropertyDefaultsPostProcessor - For additional web related logging consider setting the 'logging.level.web' property to 'DEBUG'
2025-08-16 11:31:28 [restartedMain] INFO  o.s.d.r.c.RepositoryConfigurationDelegate - Bootstrapping Spring Data JPA repositories in DEFAULT mode.
2025-08-16 11:31:28 [restartedMain] INFO  o.s.d.r.c.RepositoryConfigurationDelegate - Finished Spring Data repository scanning in 21 ms. Found 1 JPA repository interface.
2025-08-16 11:31:28 [restartedMain] INFO  o.s.b.w.e.tomcat.TomcatWebServer - Tomcat initialized with port 8080 (http)
2025-08-16 11:31:28 [restartedMain] INFO  o.a.catalina.core.StandardService - Starting service [Tomcat]
2025-08-16 11:31:28 [restartedMain] INFO  o.a.catalina.core.StandardEngine - Starting Servlet engine: [Apache Tomcat/10.1.43]
2025-08-16 11:31:28 [restartedMain] INFO  o.a.c.c.C.[Tomcat].[localhost].[/] - Initializing Spring embedded WebApplicationContext
2025-08-16 11:31:28 [restartedMain] INFO  o.s.b.w.s.c.ServletWebServerApplicationContext - Root WebApplicationContext: initialization completed in 905 ms
2025-08-16 11:31:28 [restartedMain] ERROR o.s.b.w.e.tomcat.TomcatStarter - Error starting Tomcat context. Exception: org.springframework.beans.factory.UnsatisfiedDependencyException. Message: Error creating bean with name 'jwtAuthenticationFilter' defined in file [C:\Users\Admin\Desktop\cripto-project\UsdtWallet\target\classes\com\UsdtWallet\UsdtWallet\security\JwtAuthenticationFilter.class]: Unsatisfied dependency expressed through constructor parameter 0: Error creating bean with name 'jwtTokenProvider': Injection of autowired dependencies failed
2025-08-16 11:31:28 [restartedMain] INFO  o.a.catalina.core.StandardService - Stopping service [Tomcat]
2025-08-16 11:31:28 [restartedMain] WARN  o.s.b.w.s.c.AnnotationConfigServletWebServerApplicationContext - Exception encountered during context initialization - cancelling refresh attempt: org.springframework.context.ApplicationContextException: Unable to start web server
2025-08-16 11:31:28 [restartedMain] INFO  o.s.b.a.l.ConditionEvaluationReportLogger - 

Error starting ApplicationContext. To display the condition evaluation report re-run your application with 'debug' enabled.
2025-08-16 11:31:28 [restartedMain] ERROR o.s.boot.SpringApplication - Application run failed
org.springframework.context.ApplicationContextException: Unable to start web server
	at org.springframework.boot.web.servlet.context.ServletWebServerApplicationContext.onRefresh(ServletWebServerApplicationContext.java:170)
	at org.springframework.context.support.AbstractApplicationContext.refresh(AbstractApplicationContext.java:621)
	at org.springframework.boot.web.servlet.context.ServletWebServerApplicationContext.refresh(ServletWebServerApplicationContext.java:146)
	at org.springframework.boot.SpringApplication.refresh(SpringApplication.java:752)
	at org.springframework.boot.SpringApplication.refreshContext(SpringApplication.java:439)
	at org.springframework.boot.SpringApplication.run(SpringApplication.java:318)
	at org.springframework.boot.SpringApplication.run(SpringApplication.java:1361)
	at org.springframework.boot.SpringApplication.run(SpringApplication.java:1350)
	at com.UsdtWallet.UsdtWallet.UsdtWalletApplication.main(UsdtWalletApplication.java:10)
	at java.base/jdk.internal.reflect.DirectMethodHandleAccessor.invoke(DirectMethodHandleAccessor.java:104)
	at java.base/java.lang.reflect.Method.invoke(Method.java:565)
	at org.springframework.boot.devtools.restart.RestartLauncher.run(RestartLauncher.java:50)
Caused by: org.springframework.boot.web.server.WebServerException: Unable to start embedded Tomcat
	at org.springframework.boot.web.embedded.tomcat.TomcatWebServer.initialize(TomcatWebServer.java:147)
	at org.springframework.boot.web.embedded.tomcat.TomcatWebServer.<init>(TomcatWebServer.java:107)
	at org.springframework.boot.web.embedded.tomcat.TomcatServletWebServerFactory.getTomcatWebServer(TomcatServletWebServerFactory.java:517)
	at org.springframework.boot.web.embedded.tomcat.TomcatServletWebServerFactory.getWebServer(TomcatServletWebServerFactory.java:219)
	at org.springframework.boot.web.servlet.context.ServletWebServerApplicationContext.createWebServer(ServletWebServerApplicationContext.java:193)
	at org.springframework.boot.web.servlet.context.ServletWebServerApplicationContext.onRefresh(ServletWebServerApplicationContext.java:167)
	... 11 common frames omitted
Caused by: org.springframework.beans.factory.UnsatisfiedDependencyException: Error creating bean with name 'jwtAuthenticationFilter' defined in file [C:\Users\Admin\Desktop\cripto-project\UsdtWallet\target\classes\com\UsdtWallet\UsdtWallet\security\JwtAuthenticationFilter.class]: Unsatisfied dependency expressed through constructor parameter 0: Error creating bean with name 'jwtTokenProvider': Injection of autowired dependencies failed
	at org.springframework.beans.factory.support.ConstructorResolver.createArgumentArray(ConstructorResolver.java:804)
	at org.springframework.beans.factory.support.ConstructorResolver.autowireConstructor(ConstructorResolver.java:240)
	at org.springframework.beans.factory.support.AbstractAutowireCapableBeanFactory.autowireConstructor(AbstractAutowireCapableBeanFactory.java:1395)
	at org.springframework.beans.factory.support.AbstractAutowireCapableBeanFactory.createBeanInstance(AbstractAutowireCapableBeanFactory.java:1232)
	at org.springframework.beans.factory.support.AbstractAutowireCapableBeanFactory.doCreateBean(AbstractAutowireCapableBeanFactory.java:569)
	at org.springframework.beans.factory.support.AbstractAutowireCapableBeanFactory.createBean(AbstractAutowireCapableBeanFactory.java:529)
	at org.springframework.beans.factory.support.AbstractBeanFactory.lambda$doGetBean$0(AbstractBeanFactory.java:339)
	at org.springframework.beans.factory.support.DefaultSingletonBeanRegistry.getSingleton(DefaultSingletonBeanRegistry.java:373)
	at org.springframework.beans.factory.support.AbstractBeanFactory.doGetBean(AbstractBeanFactory.java:337)
	at org.springframework.beans.factory.support.AbstractBeanFactory.getBean(AbstractBeanFactory.java:207)
	at org.springframework.boot.web.servlet.ServletContextInitializerBeans.getOrderedBeansOfType(ServletContextInitializerBeans.java:230)
	at org.springframework.boot.web.servlet.ServletContextInitializerBeans.addAsRegistrationBean(ServletContextInitializerBeans.java:184)
	at org.springframework.boot.web.servlet.ServletContextInitializerBeans.addAsRegistrationBean(ServletContextInitializerBeans.java:179)
	at org.springframework.boot.web.servlet.ServletContextInitializerBeans.addAdaptableBeans(ServletContextInitializerBeans.java:164)
	at org.springframework.boot.web.servlet.ServletContextInitializerBeans.<init>(ServletContextInitializerBeans.java:96)
	at org.springframework.boot.web.servlet.context.ServletWebServerApplicationContext.getServletContextInitializerBeans(ServletWebServerApplicationContext.java:271)
	at org.springframework.boot.web.servlet.context.ServletWebServerApplicationContext.selfInitialize(ServletWebServerApplicationContext.java:245)
	at org.springframework.boot.web.embedded.tomcat.TomcatStarter.onStartup(TomcatStarter.java:52)
	at org.apache.catalina.core.StandardContext.startInternal(StandardContext.java:4464)
	at org.apache.catalina.util.LifecycleBase.start(LifecycleBase.java:164)
	at org.apache.catalina.core.ContainerBase$StartChild.call(ContainerBase.java:1203)
	at org.apache.catalina.core.ContainerBase$StartChild.call(ContainerBase.java:1193)
	at java.base/java.util.concurrent.FutureTask.run(FutureTask.java:328)
	at org.apache.tomcat.util.threads.InlineExecutorService.execute(InlineExecutorService.java:75)
	at java.base/java.util.concurrent.AbstractExecutorService.submit(AbstractExecutorService.java:148)
	at org.apache.catalina.core.ContainerBase.startInternal(ContainerBase.java:749)
	at org.apache.catalina.core.StandardHost.startInternal(StandardHost.java:772)
	at org.apache.catalina.util.LifecycleBase.start(LifecycleBase.java:164)
	at org.apache.catalina.core.ContainerBase$StartChild.call(ContainerBase.java:1203)
	at org.apache.catalina.core.ContainerBase$StartChild.call(ContainerBase.java:1193)
	at java.base/java.util.concurrent.FutureTask.run(FutureTask.java:328)
	at org.apache.tomcat.util.threads.InlineExecutorService.execute(InlineExecutorService.java:75)
	at java.base/java.util.concurrent.AbstractExecutorService.submit(AbstractExecutorService.java:148)
	at org.apache.catalina.core.ContainerBase.startInternal(ContainerBase.java:749)
	at org.apache.catalina.core.StandardEngine.startInternal(StandardEngine.java:203)
	at org.apache.catalina.util.LifecycleBase.start(LifecycleBase.java:164)
	at org.apache.catalina.core.StandardService.startInternal(StandardService.java:412)
	at org.apache.catalina.util.LifecycleBase.start(LifecycleBase.java:164)
	at org.apache.catalina.core.StandardServer.startInternal(StandardServer.java:870)
	at org.apache.catalina.util.LifecycleBase.start(LifecycleBase.java:164)
	at org.apache.catalina.startup.Tomcat.start(Tomcat.java:438)
	at org.springframework.boot.web.embedded.tomcat.TomcatWebServer.initialize(TomcatWebServer.java:128)
	... 16 common frames omitted
Caused by: org.springframework.beans.factory.BeanCreationException: Error creating bean with name 'jwtTokenProvider': Injection of autowired dependencies failed
	at org.springframework.beans.factory.annotation.AutowiredAnnotationBeanPostProcessor.postProcessProperties(AutowiredAnnotationBeanPostProcessor.java:515)
	at org.springframework.beans.factory.support.AbstractAutowireCapableBeanFactory.populateBean(AbstractAutowireCapableBeanFactory.java:1459)
	at org.springframework.beans.factory.support.AbstractAutowireCapableBeanFactory.doCreateBean(AbstractAutowireCapableBeanFactory.java:606)
	at org.springframework.beans.factory.support.AbstractAutowireCapableBeanFactory.createBean(AbstractAutowireCapableBeanFactory.java:529)
	at org.springframework.beans.factory.support.AbstractBeanFactory.lambda$doGetBean$0(AbstractBeanFactory.java:339)
	at org.springframework.beans.factory.support.DefaultSingletonBeanRegistry.getSingleton(DefaultSingletonBeanRegistry.java:373)
	at org.springframework.beans.factory.support.AbstractBeanFactory.doGetBean(AbstractBeanFactory.java:337)
	at org.springframework.beans.factory.support.AbstractBeanFactory.getBean(AbstractBeanFactory.java:202)
	at org.springframework.beans.factory.config.DependencyDescriptor.resolveCandidate(DependencyDescriptor.java:254)
	at org.springframework.beans.factory.support.DefaultListableBeanFactory.doResolveDependency(DefaultListableBeanFactory.java:1745)
	at org.springframework.beans.factory.support.DefaultListableBeanFactory.resolveDependency(DefaultListableBeanFactory.java:1628)
	at org.springframework.beans.factory.support.ConstructorResolver.resolveAutowiredArgument(ConstructorResolver.java:913)
	at org.springframework.beans.factory.support.ConstructorResolver.createArgumentArray(ConstructorResolver.java:791)
	... 57 common frames omitted
Caused by: org.springframework.util.PlaceholderResolutionException: Could not resolve placeholder 'spring.security.jwt.secret' in value "${spring.security.jwt.secret}"
	at org.springframework.util.PlaceholderResolutionException.withValue(PlaceholderResolutionException.java:81)
	at org.springframework.util.PlaceholderParser$ParsedValue.resolve(PlaceholderParser.java:423)
	at org.springframework.util.PlaceholderParser.replacePlaceholders(PlaceholderParser.java:128)
	at org.springframework.util.PropertyPlaceholderHelper.parseStringValue(PropertyPlaceholderHelper.java:118)
	at org.springframework.util.PropertyPlaceholderHelper.replacePlaceholders(PropertyPlaceholderHelper.java:114)
	at org.springframework.core.env.AbstractPropertyResolver.doResolvePlaceholders(AbstractPropertyResolver.java:293)
	at org.springframework.core.env.AbstractPropertyResolver.resolveRequiredPlaceholders(AbstractPropertyResolver.java:264)
	at org.springframework.context.support.PropertySourcesPlaceholderConfigurer.lambda$processProperties$0(PropertySourcesPlaceholderConfigurer.java:186)
	at org.springframework.beans.factory.support.AbstractBeanFactory.resolveEmbeddedValue(AbstractBeanFactory.java:971)
	at org.springframework.beans.factory.support.DefaultListableBeanFactory.doResolveDependency(DefaultListableBeanFactory.java:1650)
	at org.springframework.beans.factory.support.DefaultListableBeanFactory.resolveDependency(DefaultListableBeanFactory.java:1628)
	at org.springframework.beans.factory.annotation.AutowiredAnnotationBeanPostProcessor$AutowiredFieldElement.resolveFieldValue(AutowiredAnnotationBeanPostProcessor.java:785)
	at org.springframework.beans.factory.annotation.AutowiredAnnotationBeanPostProcessor$AutowiredFieldElement.inject(AutowiredAnnotationBeanPostProcessor.java:768)
	at org.springframework.beans.factory.annotation.InjectionMetadata.inject(InjectionMetadata.java:146)
	at org.springframework.beans.factory.annotation.AutowiredAnnotationBeanPostProcessor.postProcessProperties(AutowiredAnnotationBeanPostProcessor.java:509)
	... 69 common frames omitted
2025-08-16 11:34:05 [restartedMain] INFO  c.U.UsdtWallet.UsdtWalletApplication - Starting UsdtWalletApplication using Java 24.0.1 with PID 34524 (C:\Users\Admin\Desktop\cripto-project\UsdtWallet\target\classes started by Admin in C:\Users\Admin\Desktop\cripto-project\UsdtWallet)
2025-08-16 11:34:05 [restartedMain] DEBUG c.U.UsdtWallet.UsdtWalletApplication - Running with Spring Boot v3.5.4, Spring v6.2.9
2025-08-16 11:34:05 [restartedMain] INFO  c.U.UsdtWallet.UsdtWalletApplication - No active profile set, falling back to 1 default profile: "default"
2025-08-16 11:34:05 [restartedMain] INFO  o.s.b.d.e.DevToolsPropertyDefaultsPostProcessor - Devtools property defaults active! Set 'spring.devtools.add-properties' to 'false' to disable
2025-08-16 11:34:05 [restartedMain] INFO  o.s.b.d.e.DevToolsPropertyDefaultsPostProcessor - For additional web related logging consider setting the 'logging.level.web' property to 'DEBUG'
2025-08-16 11:34:06 [restartedMain] INFO  o.s.d.r.c.RepositoryConfigurationDelegate - Bootstrapping Spring Data JPA repositories in DEFAULT mode.
2025-08-16 11:34:06 [restartedMain] INFO  o.s.d.r.c.RepositoryConfigurationDelegate - Finished Spring Data repository scanning in 21 ms. Found 1 JPA repository interface.
2025-08-16 11:34:06 [restartedMain] INFO  o.s.b.w.e.tomcat.TomcatWebServer - Tomcat initialized with port 8080 (http)
2025-08-16 11:34:06 [restartedMain] INFO  o.a.catalina.core.StandardService - Starting service [Tomcat]
2025-08-16 11:34:06 [restartedMain] INFO  o.a.catalina.core.StandardEngine - Starting Servlet engine: [Apache Tomcat/10.1.43]
2025-08-16 11:34:06 [restartedMain] INFO  o.a.c.c.C.[Tomcat].[localhost].[/] - Initializing Spring embedded WebApplicationContext
2025-08-16 11:34:06 [restartedMain] INFO  o.s.b.w.s.c.ServletWebServerApplicationContext - Root WebApplicationContext: initialization completed in 917 ms
2025-08-16 11:34:06 [restartedMain] ERROR o.s.b.w.e.tomcat.TomcatStarter - Error starting Tomcat context. Exception: org.springframework.beans.factory.UnsatisfiedDependencyException. Message: Error creating bean with name 'jwtAuthenticationFilter' defined in file [C:\Users\Admin\Desktop\cripto-project\UsdtWallet\target\classes\com\UsdtWallet\UsdtWallet\security\JwtAuthenticationFilter.class]: Unsatisfied dependency expressed through constructor parameter 0: Error creating bean with name 'jwtTokenProvider': Injection of autowired dependencies failed
2025-08-16 11:34:06 [restartedMain] INFO  o.a.catalina.core.StandardService - Stopping service [Tomcat]
2025-08-16 11:34:06 [restartedMain] WARN  o.s.b.w.s.c.AnnotationConfigServletWebServerApplicationContext - Exception encountered during context initialization - cancelling refresh attempt: org.springframework.context.ApplicationContextException: Unable to start web server
2025-08-16 11:34:06 [restartedMain] INFO  o.s.b.a.l.ConditionEvaluationReportLogger - 

Error starting ApplicationContext. To display the condition evaluation report re-run your application with 'debug' enabled.
2025-08-16 11:34:06 [restartedMain] ERROR o.s.boot.SpringApplication - Application run failed
org.springframework.context.ApplicationContextException: Unable to start web server
	at org.springframework.boot.web.servlet.context.ServletWebServerApplicationContext.onRefresh(ServletWebServerApplicationContext.java:170)
	at org.springframework.context.support.AbstractApplicationContext.refresh(AbstractApplicationContext.java:621)
	at org.springframework.boot.web.servlet.context.ServletWebServerApplicationContext.refresh(ServletWebServerApplicationContext.java:146)
	at org.springframework.boot.SpringApplication.refresh(SpringApplication.java:752)
	at org.springframework.boot.SpringApplication.refreshContext(SpringApplication.java:439)
	at org.springframework.boot.SpringApplication.run(SpringApplication.java:318)
	at org.springframework.boot.SpringApplication.run(SpringApplication.java:1361)
	at org.springframework.boot.SpringApplication.run(SpringApplication.java:1350)
	at com.UsdtWallet.UsdtWallet.UsdtWalletApplication.main(UsdtWalletApplication.java:10)
	at java.base/jdk.internal.reflect.DirectMethodHandleAccessor.invoke(DirectMethodHandleAccessor.java:104)
	at java.base/java.lang.reflect.Method.invoke(Method.java:565)
	at org.springframework.boot.devtools.restart.RestartLauncher.run(RestartLauncher.java:50)
Caused by: org.springframework.boot.web.server.WebServerException: Unable to start embedded Tomcat
	at org.springframework.boot.web.embedded.tomcat.TomcatWebServer.initialize(TomcatWebServer.java:147)
	at org.springframework.boot.web.embedded.tomcat.TomcatWebServer.<init>(TomcatWebServer.java:107)
	at org.springframework.boot.web.embedded.tomcat.TomcatServletWebServerFactory.getTomcatWebServer(TomcatServletWebServerFactory.java:517)
	at org.springframework.boot.web.embedded.tomcat.TomcatServletWebServerFactory.getWebServer(TomcatServletWebServerFactory.java:219)
	at org.springframework.boot.web.servlet.context.ServletWebServerApplicationContext.createWebServer(ServletWebServerApplicationContext.java:193)
	at org.springframework.boot.web.servlet.context.ServletWebServerApplicationContext.onRefresh(ServletWebServerApplicationContext.java:167)
	... 11 common frames omitted
Caused by: org.springframework.beans.factory.UnsatisfiedDependencyException: Error creating bean with name 'jwtAuthenticationFilter' defined in file [C:\Users\Admin\Desktop\cripto-project\UsdtWallet\target\classes\com\UsdtWallet\UsdtWallet\security\JwtAuthenticationFilter.class]: Unsatisfied dependency expressed through constructor parameter 0: Error creating bean with name 'jwtTokenProvider': Injection of autowired dependencies failed
	at org.springframework.beans.factory.support.ConstructorResolver.createArgumentArray(ConstructorResolver.java:804)
	at org.springframework.beans.factory.support.ConstructorResolver.autowireConstructor(ConstructorResolver.java:240)
	at org.springframework.beans.factory.support.AbstractAutowireCapableBeanFactory.autowireConstructor(AbstractAutowireCapableBeanFactory.java:1395)
	at org.springframework.beans.factory.support.AbstractAutowireCapableBeanFactory.createBeanInstance(AbstractAutowireCapableBeanFactory.java:1232)
	at org.springframework.beans.factory.support.AbstractAutowireCapableBeanFactory.doCreateBean(AbstractAutowireCapableBeanFactory.java:569)
	at org.springframework.beans.factory.support.AbstractAutowireCapableBeanFactory.createBean(AbstractAutowireCapableBeanFactory.java:529)
	at org.springframework.beans.factory.support.AbstractBeanFactory.lambda$doGetBean$0(AbstractBeanFactory.java:339)
	at org.springframework.beans.factory.support.DefaultSingletonBeanRegistry.getSingleton(DefaultSingletonBeanRegistry.java:373)
	at org.springframework.beans.factory.support.AbstractBeanFactory.doGetBean(AbstractBeanFactory.java:337)
	at org.springframework.beans.factory.support.AbstractBeanFactory.getBean(AbstractBeanFactory.java:207)
	at org.springframework.boot.web.servlet.ServletContextInitializerBeans.getOrderedBeansOfType(ServletContextInitializerBeans.java:230)
	at org.springframework.boot.web.servlet.ServletContextInitializerBeans.addAsRegistrationBean(ServletContextInitializerBeans.java:184)
	at org.springframework.boot.web.servlet.ServletContextInitializerBeans.addAsRegistrationBean(ServletContextInitializerBeans.java:179)
	at org.springframework.boot.web.servlet.ServletContextInitializerBeans.addAdaptableBeans(ServletContextInitializerBeans.java:164)
	at org.springframework.boot.web.servlet.ServletContextInitializerBeans.<init>(ServletContextInitializerBeans.java:96)
	at org.springframework.boot.web.servlet.context.ServletWebServerApplicationContext.getServletContextInitializerBeans(ServletWebServerApplicationContext.java:271)
	at org.springframework.boot.web.servlet.context.ServletWebServerApplicationContext.selfInitialize(ServletWebServerApplicationContext.java:245)
	at org.springframework.boot.web.embedded.tomcat.TomcatStarter.onStartup(TomcatStarter.java:52)
	at org.apache.catalina.core.StandardContext.startInternal(StandardContext.java:4464)
	at org.apache.catalina.util.LifecycleBase.start(LifecycleBase.java:164)
	at org.apache.catalina.core.ContainerBase$StartChild.call(ContainerBase.java:1203)
	at org.apache.catalina.core.ContainerBase$StartChild.call(ContainerBase.java:1193)
	at java.base/java.util.concurrent.FutureTask.run(FutureTask.java:328)
	at org.apache.tomcat.util.threads.InlineExecutorService.execute(InlineExecutorService.java:75)
	at java.base/java.util.concurrent.AbstractExecutorService.submit(AbstractExecutorService.java:148)
	at org.apache.catalina.core.ContainerBase.startInternal(ContainerBase.java:749)
	at org.apache.catalina.core.StandardHost.startInternal(StandardHost.java:772)
	at org.apache.catalina.util.LifecycleBase.start(LifecycleBase.java:164)
	at org.apache.catalina.core.ContainerBase$StartChild.call(ContainerBase.java:1203)
	at org.apache.catalina.core.ContainerBase$StartChild.call(ContainerBase.java:1193)
	at java.base/java.util.concurrent.FutureTask.run(FutureTask.java:328)
	at org.apache.tomcat.util.threads.InlineExecutorService.execute(InlineExecutorService.java:75)
	at java.base/java.util.concurrent.AbstractExecutorService.submit(AbstractExecutorService.java:148)
	at org.apache.catalina.core.ContainerBase.startInternal(ContainerBase.java:749)
	at org.apache.catalina.core.StandardEngine.startInternal(StandardEngine.java:203)
	at org.apache.catalina.util.LifecycleBase.start(LifecycleBase.java:164)
	at org.apache.catalina.core.StandardService.startInternal(StandardService.java:412)
	at org.apache.catalina.util.LifecycleBase.start(LifecycleBase.java:164)
	at org.apache.catalina.core.StandardServer.startInternal(StandardServer.java:870)
	at org.apache.catalina.util.LifecycleBase.start(LifecycleBase.java:164)
	at org.apache.catalina.startup.Tomcat.start(Tomcat.java:438)
	at org.springframework.boot.web.embedded.tomcat.TomcatWebServer.initialize(TomcatWebServer.java:128)
	... 16 common frames omitted
Caused by: org.springframework.beans.factory.BeanCreationException: Error creating bean with name 'jwtTokenProvider': Injection of autowired dependencies failed
	at org.springframework.beans.factory.annotation.AutowiredAnnotationBeanPostProcessor.postProcessProperties(AutowiredAnnotationBeanPostProcessor.java:515)
	at org.springframework.beans.factory.support.AbstractAutowireCapableBeanFactory.populateBean(AbstractAutowireCapableBeanFactory.java:1459)
	at org.springframework.beans.factory.support.AbstractAutowireCapableBeanFactory.doCreateBean(AbstractAutowireCapableBeanFactory.java:606)
	at org.springframework.beans.factory.support.AbstractAutowireCapableBeanFactory.createBean(AbstractAutowireCapableBeanFactory.java:529)
	at org.springframework.beans.factory.support.AbstractBeanFactory.lambda$doGetBean$0(AbstractBeanFactory.java:339)
	at org.springframework.beans.factory.support.DefaultSingletonBeanRegistry.getSingleton(DefaultSingletonBeanRegistry.java:373)
	at org.springframework.beans.factory.support.AbstractBeanFactory.doGetBean(AbstractBeanFactory.java:337)
	at org.springframework.beans.factory.support.AbstractBeanFactory.getBean(AbstractBeanFactory.java:202)
	at org.springframework.beans.factory.config.DependencyDescriptor.resolveCandidate(DependencyDescriptor.java:254)
	at org.springframework.beans.factory.support.DefaultListableBeanFactory.doResolveDependency(DefaultListableBeanFactory.java:1745)
	at org.springframework.beans.factory.support.DefaultListableBeanFactory.resolveDependency(DefaultListableBeanFactory.java:1628)
	at org.springframework.beans.factory.support.ConstructorResolver.resolveAutowiredArgument(ConstructorResolver.java:913)
	at org.springframework.beans.factory.support.ConstructorResolver.createArgumentArray(ConstructorResolver.java:791)
	... 57 common frames omitted
Caused by: org.springframework.util.PlaceholderResolutionException: Could not resolve placeholder 'spring.security.jwt.secret' in value "${spring.security.jwt.secret}"
	at org.springframework.util.PlaceholderResolutionException.withValue(PlaceholderResolutionException.java:81)
	at org.springframework.util.PlaceholderParser$ParsedValue.resolve(PlaceholderParser.java:423)
	at org.springframework.util.PlaceholderParser.replacePlaceholders(PlaceholderParser.java:128)
	at org.springframework.util.PropertyPlaceholderHelper.parseStringValue(PropertyPlaceholderHelper.java:118)
	at org.springframework.util.PropertyPlaceholderHelper.replacePlaceholders(PropertyPlaceholderHelper.java:114)
	at org.springframework.core.env.AbstractPropertyResolver.doResolvePlaceholders(AbstractPropertyResolver.java:293)
	at org.springframework.core.env.AbstractPropertyResolver.resolveRequiredPlaceholders(AbstractPropertyResolver.java:264)
	at org.springframework.context.support.PropertySourcesPlaceholderConfigurer.lambda$processProperties$0(PropertySourcesPlaceholderConfigurer.java:186)
	at org.springframework.beans.factory.support.AbstractBeanFactory.resolveEmbeddedValue(AbstractBeanFactory.java:971)
	at org.springframework.beans.factory.support.DefaultListableBeanFactory.doResolveDependency(DefaultListableBeanFactory.java:1650)
	at org.springframework.beans.factory.support.DefaultListableBeanFactory.resolveDependency(DefaultListableBeanFactory.java:1628)
	at org.springframework.beans.factory.annotation.AutowiredAnnotationBeanPostProcessor$AutowiredFieldElement.resolveFieldValue(AutowiredAnnotationBeanPostProcessor.java:785)
	at org.springframework.beans.factory.annotation.AutowiredAnnotationBeanPostProcessor$AutowiredFieldElement.inject(AutowiredAnnotationBeanPostProcessor.java:768)
	at org.springframework.beans.factory.annotation.InjectionMetadata.inject(InjectionMetadata.java:146)
	at org.springframework.beans.factory.annotation.AutowiredAnnotationBeanPostProcessor.postProcessProperties(AutowiredAnnotationBeanPostProcessor.java:509)
	... 69 common frames omitted
2025-08-16 11:35:49 [restartedMain] INFO  c.U.UsdtWallet.UsdtWalletApplication - Starting UsdtWalletApplication using Java 24.0.1 with PID 31276 (C:\Users\Admin\Desktop\cripto-project\UsdtWallet\target\classes started by Admin in C:\Users\Admin\Desktop\cripto-project\UsdtWallet)
2025-08-16 11:35:49 [restartedMain] DEBUG c.U.UsdtWallet.UsdtWalletApplication - Running with Spring Boot v3.5.4, Spring v6.2.9
2025-08-16 11:35:49 [restartedMain] INFO  c.U.UsdtWallet.UsdtWalletApplication - No active profile set, falling back to 1 default profile: "default"
2025-08-16 11:35:49 [restartedMain] INFO  o.s.b.d.e.DevToolsPropertyDefaultsPostProcessor - Devtools property defaults active! Set 'spring.devtools.add-properties' to 'false' to disable
2025-08-16 11:35:49 [restartedMain] INFO  o.s.b.d.e.DevToolsPropertyDefaultsPostProcessor - For additional web related logging consider setting the 'logging.level.web' property to 'DEBUG'
2025-08-16 11:35:49 [restartedMain] INFO  o.s.d.r.c.RepositoryConfigurationDelegate - Bootstrapping Spring Data JPA repositories in DEFAULT mode.
2025-08-16 11:35:49 [restartedMain] INFO  o.s.d.r.c.RepositoryConfigurationDelegate - Finished Spring Data repository scanning in 27 ms. Found 1 JPA repository interface.
2025-08-16 11:35:50 [restartedMain] INFO  o.s.b.w.e.tomcat.TomcatWebServer - Tomcat initialized with port 8080 (http)
2025-08-16 11:35:50 [restartedMain] INFO  o.a.catalina.core.StandardService - Starting service [Tomcat]
2025-08-16 11:35:50 [restartedMain] INFO  o.a.catalina.core.StandardEngine - Starting Servlet engine: [Apache Tomcat/10.1.43]
2025-08-16 11:35:50 [restartedMain] INFO  o.a.c.c.C.[Tomcat].[localhost].[/] - Initializing Spring embedded WebApplicationContext
2025-08-16 11:35:50 [restartedMain] INFO  o.s.b.w.s.c.ServletWebServerApplicationContext - Root WebApplicationContext: initialization completed in 903 ms
2025-08-16 11:35:50 [restartedMain] DEBUG c.U.U.s.JwtAuthenticationFilter - Filter 'jwtAuthenticationFilter' configured for use
2025-08-16 11:35:50 [restartedMain] WARN  o.s.b.w.s.c.AnnotationConfigServletWebServerApplicationContext - Exception encountered during context initialization - cancelling refresh attempt: org.springframework.beans.factory.BeanCreationException: Error creating bean with name 'entityManagerFactory' defined in class path resource [org/springframework/boot/autoconfigure/orm/jpa/HibernateJpaConfiguration.class]: Failed to initialize dependency 'dataSourceScriptDatabaseInitializer' of LoadTimeWeaverAware bean 'entityManagerFactory': Error creating bean with name 'dataSourceScriptDatabaseInitializer' defined in class path resource [org/springframework/boot/autoconfigure/sql/init/DataSourceInitializationConfiguration.class]: Unsatisfied dependency expressed through method 'dataSourceScriptDatabaseInitializer' parameter 0: Error creating bean with name 'dataSource' defined in class path resource [org/springframework/boot/autoconfigure/jdbc/DataSourceConfiguration$Hikari.class]: Failed to instantiate [com.zaxxer.hikari.HikariDataSource]: Factory method 'dataSource' threw exception with message: Failed to determine a suitable driver class
2025-08-16 11:35:50 [restartedMain] INFO  o.a.catalina.core.StandardService - Stopping service [Tomcat]
2025-08-16 11:35:50 [restartedMain] INFO  o.s.b.a.l.ConditionEvaluationReportLogger - 

Error starting ApplicationContext. To display the condition evaluation report re-run your application with 'debug' enabled.
2025-08-16 11:35:50 [restartedMain] ERROR o.s.b.d.LoggingFailureAnalysisReporter - 

***************************
APPLICATION FAILED TO START
***************************

Description:

Failed to configure a DataSource: 'url' attribute is not specified and no embedded datasource could be configured.

Reason: Failed to determine a suitable driver class


Action:

Consider the following:
	If you want an embedded database (H2, HSQL or Derby), please put it on the classpath.
	If you have database settings to be loaded from a particular profile you may need to activate it (no profiles are currently active).

2025-08-16 11:38:24 [restartedMain] INFO  c.U.UsdtWallet.UsdtWalletApplication - Starting UsdtWalletApplication using Java 24.0.1 with PID 18360 (C:\Users\Admin\Desktop\cripto-project\UsdtWallet\target\classes started by Admin in C:\Users\Admin\Desktop\cripto-project\UsdtWallet)
2025-08-16 11:38:24 [restartedMain] DEBUG c.U.UsdtWallet.UsdtWalletApplication - Running with Spring Boot v3.5.4, Spring v6.2.9
2025-08-16 11:38:24 [restartedMain] INFO  c.U.UsdtWallet.UsdtWalletApplication - No active profile set, falling back to 1 default profile: "default"
2025-08-16 11:38:24 [restartedMain] INFO  o.s.b.d.e.DevToolsPropertyDefaultsPostProcessor - Devtools property defaults active! Set 'spring.devtools.add-properties' to 'false' to disable
2025-08-16 11:38:24 [restartedMain] INFO  o.s.b.d.e.DevToolsPropertyDefaultsPostProcessor - For additional web related logging consider setting the 'logging.level.web' property to 'DEBUG'
2025-08-16 11:38:25 [restartedMain] INFO  o.s.d.r.c.RepositoryConfigurationDelegate - Bootstrapping Spring Data JPA repositories in DEFAULT mode.
2025-08-16 11:38:25 [restartedMain] INFO  o.s.d.r.c.RepositoryConfigurationDelegate - Finished Spring Data repository scanning in 33 ms. Found 1 JPA repository interface.
2025-08-16 11:38:25 [restartedMain] INFO  o.s.b.w.e.tomcat.TomcatWebServer - Tomcat initialized with port 8080 (http)
2025-08-16 11:38:25 [restartedMain] INFO  o.a.catalina.core.StandardService - Starting service [Tomcat]
2025-08-16 11:38:25 [restartedMain] INFO  o.a.catalina.core.StandardEngine - Starting Servlet engine: [Apache Tomcat/10.1.43]
2025-08-16 11:38:25 [restartedMain] INFO  o.a.c.c.C.[Tomcat].[localhost].[/] - Initializing Spring embedded WebApplicationContext
2025-08-16 11:38:25 [restartedMain] INFO  o.s.b.w.s.c.ServletWebServerApplicationContext - Root WebApplicationContext: initialization completed in 958 ms
2025-08-16 11:38:25 [restartedMain] DEBUG c.U.U.s.JwtAuthenticationFilter - Filter 'jwtAuthenticationFilter' configured for use
2025-08-16 11:38:25 [restartedMain] INFO  o.h.jpa.internal.util.LogHelper - HHH000204: Processing PersistenceUnitInfo [name: default]
2025-08-16 11:38:26 [restartedMain] INFO  org.hibernate.Version - HHH000412: Hibernate ORM core version 6.6.22.Final
2025-08-16 11:38:26 [restartedMain] INFO  o.h.c.i.RegionFactoryInitiator - HHH000026: Second-level cache disabled
2025-08-16 11:38:26 [restartedMain] INFO  o.s.o.j.p.SpringPersistenceUnitInfo - No LoadTimeWeaver setup: ignoring JPA class transformer
2025-08-16 11:38:26 [restartedMain] INFO  com.zaxxer.hikari.HikariDataSource - HikariPool-1 - Starting...
2025-08-16 11:38:26 [restartedMain] INFO  com.zaxxer.hikari.pool.HikariPool - HikariPool-1 - Added connection org.postgresql.jdbc.PgConnection@46392436
2025-08-16 11:38:26 [restartedMain] INFO  com.zaxxer.hikari.HikariDataSource - HikariPool-1 - Start completed.
2025-08-16 11:38:26 [restartedMain] WARN  org.hibernate.orm.deprecation - HHH90000025: PostgreSQLDialect does not need to be specified explicitly using 'hibernate.dialect' (remove the property setting and it will be selected by default)
2025-08-16 11:38:26 [restartedMain] INFO  o.hibernate.orm.connections.pooling - HHH10001005: Database info:
	Database JDBC URL [Connecting through datasource 'HikariDataSource (HikariPool-1)']
	Database driver: undefined/unknown
	Database version: 14.18
	Autocommit mode: undefined/unknown
	Isolation level: undefined/unknown
	Minimum pool size: undefined/unknown
	Maximum pool size: undefined/unknown
2025-08-16 11:38:27 [restartedMain] INFO  o.h.e.t.j.p.i.JtaPlatformInitiator - HHH000489: No JTA platform available (set 'hibernate.transaction.jta.platform' to enable JTA platform integration)
2025-08-16 11:38:27 [restartedMain] INFO  o.s.o.j.LocalContainerEntityManagerFactoryBean - Initialized JPA EntityManagerFactory for persistence unit 'default'
2025-08-16 11:38:27 [restartedMain] INFO  o.s.s.c.a.a.c.InitializeUserDetailsBeanManagerConfigurer$InitializeUserDetailsManagerConfigurer - Global AuthenticationManager configured with UserDetailsService bean with name customUserDetailService
2025-08-16 11:38:27 [restartedMain] DEBUG o.s.s.a.p.PrePostAnnotationSecurityMetadataSource - @org.springframework.security.access.prepost.PreAuthorize("hasRole('ADMIN')") found on specific method: public org.springframework.http.ResponseEntity com.UsdtWallet.UsdtWallet.controller.UserController.createUser(com.UsdtWallet.UsdtWallet.model.dto.request.UserCreateRequest) throws org.apache.coyote.BadRequestException
2025-08-16 11:38:27 [restartedMain] DEBUG o.s.s.a.m.DelegatingMethodSecurityMetadataSource - Caching method [CacheKey[com.UsdtWallet.UsdtWallet.controller.UserController; public org.springframework.http.ResponseEntity com.UsdtWallet.UsdtWallet.controller.UserController.createUser(com.UsdtWallet.UsdtWallet.model.dto.request.UserCreateRequest) throws org.apache.coyote.BadRequestException]] with attributes [[authorize: 'hasRole('ADMIN')', filter: 'null', filterTarget: 'null']]
2025-08-16 11:38:27 [restartedMain] DEBUG o.s.s.a.p.PrePostAnnotationSecurityMetadataSource - @org.springframework.security.access.prepost.PreAuthorize("hasRole('ADMIN') or #id == authentication.principal.id") found on specific method: public org.springframework.http.ResponseEntity com.UsdtWallet.UsdtWallet.controller.UserController.updateUser(java.lang.Long,com.UsdtWallet.UsdtWallet.model.dto.request.UserCreateRequest)
2025-08-16 11:38:27 [restartedMain] DEBUG o.s.s.a.m.DelegatingMethodSecurityMetadataSource - Caching method [CacheKey[com.UsdtWallet.UsdtWallet.controller.UserController; public org.springframework.http.ResponseEntity com.UsdtWallet.UsdtWallet.controller.UserController.updateUser(java.lang.Long,com.UsdtWallet.UsdtWallet.model.dto.request.UserCreateRequest)]] with attributes [[authorize: 'hasRole('ADMIN') or #id == authentication.principal.id', filter: 'null', filterTarget: 'null']]
2025-08-16 11:38:27 [restartedMain] DEBUG o.s.s.a.p.PrePostAnnotationSecurityMetadataSource - @org.springframework.security.access.prepost.PreAuthorize("hasRole('ADMIN')") found on specific method: public org.springframework.http.ResponseEntity com.UsdtWallet.UsdtWallet.controller.UserController.deleteUser(java.lang.Long)
2025-08-16 11:38:27 [restartedMain] DEBUG o.s.s.a.m.DelegatingMethodSecurityMetadataSource - Caching method [CacheKey[com.UsdtWallet.UsdtWallet.controller.UserController; public org.springframework.http.ResponseEntity com.UsdtWallet.UsdtWallet.controller.UserController.deleteUser(java.lang.Long)]] with attributes [[authorize: 'hasRole('ADMIN')', filter: 'null', filterTarget: 'null']]
2025-08-16 11:38:27 [restartedMain] DEBUG o.s.s.a.p.PrePostAnnotationSecurityMetadataSource - @org.springframework.security.access.prepost.PreAuthorize("hasRole('ADMIN') or #id == authentication.principal.id") found on specific method: public org.springframework.http.ResponseEntity com.UsdtWallet.UsdtWallet.controller.UserController.getUserById(java.util.UUID)
2025-08-16 11:38:27 [restartedMain] DEBUG o.s.s.a.m.DelegatingMethodSecurityMetadataSource - Caching method [CacheKey[com.UsdtWallet.UsdtWallet.controller.UserController; public org.springframework.http.ResponseEntity com.UsdtWallet.UsdtWallet.controller.UserController.getUserById(java.util.UUID)]] with attributes [[authorize: 'hasRole('ADMIN') or #id == authentication.principal.id', filter: 'null', filterTarget: 'null']]
2025-08-16 11:38:27 [restartedMain] DEBUG o.s.s.a.p.PrePostAnnotationSecurityMetadataSource - @org.springframework.security.access.prepost.PreAuthorize("hasRole('ADMIN')") found on specific method: public org.springframework.http.ResponseEntity com.UsdtWallet.UsdtWallet.controller.UserController.searchUsers(java.lang.String,int,int)
2025-08-16 11:38:27 [restartedMain] DEBUG o.s.s.a.m.DelegatingMethodSecurityMetadataSource - Caching method [CacheKey[com.UsdtWallet.UsdtWallet.controller.UserController; public org.springframework.http.ResponseEntity com.UsdtWallet.UsdtWallet.controller.UserController.searchUsers(java.lang.String,int,int)]] with attributes [[authorize: 'hasRole('ADMIN')', filter: 'null', filterTarget: 'null']]
2025-08-16 11:38:27 [restartedMain] DEBUG o.s.s.a.p.PrePostAnnotationSecurityMetadataSource - @org.springframework.security.access.prepost.PreAuthorize("hasRole('ADMIN')") found on specific method: public org.springframework.http.ResponseEntity com.UsdtWallet.UsdtWallet.controller.UserController.getAllUsers(int,int,java.lang.String,java.lang.String)
2025-08-16 11:38:27 [restartedMain] DEBUG o.s.s.a.m.DelegatingMethodSecurityMetadataSource - Caching method [CacheKey[com.UsdtWallet.UsdtWallet.controller.UserController; public org.springframework.http.ResponseEntity com.UsdtWallet.UsdtWallet.controller.UserController.getAllUsers(int,int,java.lang.String,java.lang.String)]] with attributes [[authorize: 'hasRole('ADMIN')', filter: 'null', filterTarget: 'null']]
2025-08-16 11:38:27 [restartedMain] WARN  o.s.b.a.o.j.JpaBaseConfiguration$JpaWebConfiguration - spring.jpa.open-in-view is enabled by default. Therefore, database queries may be performed during view rendering. Explicitly configure spring.jpa.open-in-view to disable this warning
2025-08-16 11:38:27 [restartedMain] DEBUG o.s.s.web.DefaultSecurityFilterChain - Will secure any request with filters: DisableEncodeUrlFilter, WebAsyncManagerIntegrationFilter, SecurityContextHolderFilter, HeaderWriterFilter, LogoutFilter, RequestCacheAwareFilter, SecurityContextHolderAwareRequestFilter, AnonymousAuthenticationFilter, SessionManagementFilter, ExceptionTranslationFilter, AuthorizationFilter
2025-08-16 11:38:27 [restartedMain] INFO  o.s.b.d.a.OptionalLiveReloadServer - LiveReload server is running on port 35729
2025-08-16 11:38:27 [restartedMain] INFO  o.s.b.w.e.tomcat.TomcatWebServer - Tomcat started on port 8080 (http) with context path '/'
2025-08-16 11:38:27 [restartedMain] INFO  c.U.UsdtWallet.UsdtWalletApplication - Started UsdtWalletApplication in 3.316 seconds (process running for 3.799)
2025-08-16 11:38:43 [http-nio-8080-exec-1] INFO  o.a.c.c.C.[Tomcat].[localhost].[/] - Initializing Spring DispatcherServlet 'dispatcherServlet'
2025-08-16 11:38:43 [http-nio-8080-exec-1] INFO  o.s.web.servlet.DispatcherServlet - Initializing Servlet 'dispatcherServlet'
2025-08-16 11:38:43 [http-nio-8080-exec-1] INFO  o.s.web.servlet.DispatcherServlet - Completed initialization in 0 ms
2025-08-16 11:38:43 [http-nio-8080-exec-1] DEBUG o.s.security.web.FilterChainProxy - Securing GET /swagger-ui/index.html
2025-08-16 11:38:43 [http-nio-8080-exec-1] DEBUG o.s.s.w.a.AnonymousAuthenticationFilter - Set SecurityContextHolder to anonymous SecurityContext
2025-08-16 11:38:43 [http-nio-8080-exec-1] DEBUG o.s.security.web.FilterChainProxy - Secured GET /swagger-ui/index.html
2025-08-16 11:38:43 [http-nio-8080-exec-2] DEBUG o.s.security.web.FilterChainProxy - Securing GET /favicon.ico
2025-08-16 11:38:43 [http-nio-8080-exec-2] DEBUG o.s.s.w.a.AnonymousAuthenticationFilter - Set SecurityContextHolder to anonymous SecurityContext
2025-08-16 11:41:13 [SpringApplicationShutdownHook] INFO  o.s.b.w.e.tomcat.GracefulShutdown - Commencing graceful shutdown. Waiting for active requests to complete
2025-08-16 11:41:13 [tomcat-shutdown] INFO  o.s.b.w.e.tomcat.GracefulShutdown - Graceful shutdown complete
2025-08-16 11:41:13 [SpringApplicationShutdownHook] INFO  o.s.o.j.LocalContainerEntityManagerFactoryBean - Closing JPA EntityManagerFactory for persistence unit 'default'
2025-08-16 11:41:13 [SpringApplicationShutdownHook] INFO  com.zaxxer.hikari.HikariDataSource - HikariPool-1 - Shutdown initiated...
2025-08-16 11:41:13 [SpringApplicationShutdownHook] INFO  com.zaxxer.hikari.HikariDataSource - HikariPool-1 - Shutdown completed.
2025-08-16 11:42:48 [restartedMain] INFO  c.U.UsdtWallet.UsdtWalletApplication - Starting UsdtWalletApplication using Java 24.0.1 with PID 9836 (C:\Users\Admin\Desktop\cripto-project\UsdtWallet\target\classes started by Admin in C:\Users\Admin\Desktop\cripto-project\UsdtWallet)
2025-08-16 11:42:48 [restartedMain] DEBUG c.U.UsdtWallet.UsdtWalletApplication - Running with Spring Boot v3.5.4, Spring v6.2.9
2025-08-16 11:42:48 [restartedMain] INFO  c.U.UsdtWallet.UsdtWalletApplication - No active profile set, falling back to 1 default profile: "default"
2025-08-16 11:42:48 [restartedMain] INFO  o.s.b.d.e.DevToolsPropertyDefaultsPostProcessor - Devtools property defaults active! Set 'spring.devtools.add-properties' to 'false' to disable
2025-08-16 11:42:48 [restartedMain] INFO  o.s.b.d.e.DevToolsPropertyDefaultsPostProcessor - For additional web related logging consider setting the 'logging.level.web' property to 'DEBUG'
2025-08-16 11:42:48 [restartedMain] INFO  o.s.d.r.c.RepositoryConfigurationDelegate - Bootstrapping Spring Data JPA repositories in DEFAULT mode.
2025-08-16 11:42:48 [restartedMain] INFO  o.s.d.r.c.RepositoryConfigurationDelegate - Finished Spring Data repository scanning in 22 ms. Found 1 JPA repository interface.
2025-08-16 11:42:49 [restartedMain] INFO  o.s.b.w.e.tomcat.TomcatWebServer - Tomcat initialized with port 8080 (http)
2025-08-16 11:42:49 [restartedMain] INFO  o.a.catalina.core.StandardService - Starting service [Tomcat]
2025-08-16 11:42:49 [restartedMain] INFO  o.a.catalina.core.StandardEngine - Starting Servlet engine: [Apache Tomcat/10.1.43]
2025-08-16 11:42:49 [restartedMain] INFO  o.a.c.c.C.[Tomcat].[localhost].[/] - Initializing Spring embedded WebApplicationContext
2025-08-16 11:42:49 [restartedMain] INFO  o.s.b.w.s.c.ServletWebServerApplicationContext - Root WebApplicationContext: initialization completed in 977 ms
2025-08-16 11:42:49 [restartedMain] DEBUG c.U.U.s.JwtAuthenticationFilter - Filter 'jwtAuthenticationFilter' configured for use
2025-08-16 11:42:49 [restartedMain] INFO  o.h.jpa.internal.util.LogHelper - HHH000204: Processing PersistenceUnitInfo [name: default]
2025-08-16 11:42:49 [restartedMain] INFO  org.hibernate.Version - HHH000412: Hibernate ORM core version 6.6.22.Final
2025-08-16 11:42:49 [restartedMain] INFO  o.h.c.i.RegionFactoryInitiator - HHH000026: Second-level cache disabled
2025-08-16 11:42:49 [restartedMain] INFO  o.s.o.j.p.SpringPersistenceUnitInfo - No LoadTimeWeaver setup: ignoring JPA class transformer
2025-08-16 11:42:49 [restartedMain] INFO  com.zaxxer.hikari.HikariDataSource - HikariPool-1 - Starting...
2025-08-16 11:42:49 [restartedMain] INFO  com.zaxxer.hikari.pool.HikariPool - HikariPool-1 - Added connection org.postgresql.jdbc.PgConnection@514fe533
2025-08-16 11:42:49 [restartedMain] INFO  com.zaxxer.hikari.HikariDataSource - HikariPool-1 - Start completed.
2025-08-16 11:42:49 [restartedMain] WARN  org.hibernate.orm.deprecation - HHH90000025: PostgreSQLDialect does not need to be specified explicitly using 'hibernate.dialect' (remove the property setting and it will be selected by default)
2025-08-16 11:42:50 [restartedMain] INFO  o.hibernate.orm.connections.pooling - HHH10001005: Database info:
	Database JDBC URL [Connecting through datasource 'HikariDataSource (HikariPool-1)']
	Database driver: undefined/unknown
	Database version: 14.18
	Autocommit mode: undefined/unknown
	Isolation level: undefined/unknown
	Minimum pool size: undefined/unknown
	Maximum pool size: undefined/unknown
2025-08-16 11:42:50 [restartedMain] INFO  o.h.e.t.j.p.i.JtaPlatformInitiator - HHH000489: No JTA platform available (set 'hibernate.transaction.jta.platform' to enable JTA platform integration)
2025-08-16 11:42:50 [restartedMain] INFO  o.s.o.j.LocalContainerEntityManagerFactoryBean - Initialized JPA EntityManagerFactory for persistence unit 'default'
2025-08-16 11:42:50 [restartedMain] INFO  o.s.s.c.a.a.c.InitializeUserDetailsBeanManagerConfigurer$InitializeUserDetailsManagerConfigurer - Global AuthenticationManager configured with UserDetailsService bean with name customUserDetailService
2025-08-16 11:42:50 [restartedMain] DEBUG o.s.s.a.p.PrePostAnnotationSecurityMetadataSource - @org.springframework.security.access.prepost.PreAuthorize("hasRole('ADMIN') or #id == authentication.principal.id") found on specific method: public org.springframework.http.ResponseEntity com.UsdtWallet.UsdtWallet.controller.UserController.getUserById(java.util.UUID)
2025-08-16 11:42:50 [restartedMain] DEBUG o.s.s.a.m.DelegatingMethodSecurityMetadataSource - Caching method [CacheKey[com.UsdtWallet.UsdtWallet.controller.UserController; public org.springframework.http.ResponseEntity com.UsdtWallet.UsdtWallet.controller.UserController.getUserById(java.util.UUID)]] with attributes [[authorize: 'hasRole('ADMIN') or #id == authentication.principal.id', filter: 'null', filterTarget: 'null']]
2025-08-16 11:42:50 [restartedMain] DEBUG o.s.s.a.p.PrePostAnnotationSecurityMetadataSource - @org.springframework.security.access.prepost.PreAuthorize("hasRole('ADMIN')") found on specific method: public org.springframework.http.ResponseEntity com.UsdtWallet.UsdtWallet.controller.UserController.getAllUsers(int,int,java.lang.String,java.lang.String)
2025-08-16 11:42:50 [restartedMain] DEBUG o.s.s.a.m.DelegatingMethodSecurityMetadataSource - Caching method [CacheKey[com.UsdtWallet.UsdtWallet.controller.UserController; public org.springframework.http.ResponseEntity com.UsdtWallet.UsdtWallet.controller.UserController.getAllUsers(int,int,java.lang.String,java.lang.String)]] with attributes [[authorize: 'hasRole('ADMIN')', filter: 'null', filterTarget: 'null']]
2025-08-16 11:42:50 [restartedMain] DEBUG o.s.s.a.p.PrePostAnnotationSecurityMetadataSource - @org.springframework.security.access.prepost.PreAuthorize("hasRole('ADMIN')") found on specific method: public org.springframework.http.ResponseEntity com.UsdtWallet.UsdtWallet.controller.UserController.searchUsers(java.lang.String,int,int)
2025-08-16 11:42:50 [restartedMain] DEBUG o.s.s.a.m.DelegatingMethodSecurityMetadataSource - Caching method [CacheKey[com.UsdtWallet.UsdtWallet.controller.UserController; public org.springframework.http.ResponseEntity com.UsdtWallet.UsdtWallet.controller.UserController.searchUsers(java.lang.String,int,int)]] with attributes [[authorize: 'hasRole('ADMIN')', filter: 'null', filterTarget: 'null']]
2025-08-16 11:42:50 [restartedMain] DEBUG o.s.s.a.p.PrePostAnnotationSecurityMetadataSource - @org.springframework.security.access.prepost.PreAuthorize("hasRole('ADMIN') or #id == authentication.principal.id") found on specific method: public org.springframework.http.ResponseEntity com.UsdtWallet.UsdtWallet.controller.UserController.updateUser(java.lang.Long,com.UsdtWallet.UsdtWallet.model.dto.request.UserCreateRequest)
2025-08-16 11:42:50 [restartedMain] DEBUG o.s.s.a.m.DelegatingMethodSecurityMetadataSource - Caching method [CacheKey[com.UsdtWallet.UsdtWallet.controller.UserController; public org.springframework.http.ResponseEntity com.UsdtWallet.UsdtWallet.controller.UserController.updateUser(java.lang.Long,com.UsdtWallet.UsdtWallet.model.dto.request.UserCreateRequest)]] with attributes [[authorize: 'hasRole('ADMIN') or #id == authentication.principal.id', filter: 'null', filterTarget: 'null']]
2025-08-16 11:42:50 [restartedMain] DEBUG o.s.s.a.p.PrePostAnnotationSecurityMetadataSource - @org.springframework.security.access.prepost.PreAuthorize("hasRole('ADMIN')") found on specific method: public org.springframework.http.ResponseEntity com.UsdtWallet.UsdtWallet.controller.UserController.deleteUser(java.lang.Long)
2025-08-16 11:42:50 [restartedMain] DEBUG o.s.s.a.m.DelegatingMethodSecurityMetadataSource - Caching method [CacheKey[com.UsdtWallet.UsdtWallet.controller.UserController; public org.springframework.http.ResponseEntity com.UsdtWallet.UsdtWallet.controller.UserController.deleteUser(java.lang.Long)]] with attributes [[authorize: 'hasRole('ADMIN')', filter: 'null', filterTarget: 'null']]
2025-08-16 11:42:50 [restartedMain] DEBUG o.s.s.a.p.PrePostAnnotationSecurityMetadataSource - @org.springframework.security.access.prepost.PreAuthorize("hasRole('ADMIN')") found on specific method: public org.springframework.http.ResponseEntity com.UsdtWallet.UsdtWallet.controller.UserController.createUser(com.UsdtWallet.UsdtWallet.model.dto.request.UserCreateRequest) throws org.apache.coyote.BadRequestException
2025-08-16 11:42:50 [restartedMain] DEBUG o.s.s.a.m.DelegatingMethodSecurityMetadataSource - Caching method [CacheKey[com.UsdtWallet.UsdtWallet.controller.UserController; public org.springframework.http.ResponseEntity com.UsdtWallet.UsdtWallet.controller.UserController.createUser(com.UsdtWallet.UsdtWallet.model.dto.request.UserCreateRequest) throws org.apache.coyote.BadRequestException]] with attributes [[authorize: 'hasRole('ADMIN')', filter: 'null', filterTarget: 'null']]
2025-08-16 11:42:50 [restartedMain] WARN  o.s.b.a.o.j.JpaBaseConfiguration$JpaWebConfiguration - spring.jpa.open-in-view is enabled by default. Therefore, database queries may be performed during view rendering. Explicitly configure spring.jpa.open-in-view to disable this warning
2025-08-16 11:42:51 [restartedMain] DEBUG o.s.s.web.DefaultSecurityFilterChain - Will secure any request with filters: DisableEncodeUrlFilter, WebAsyncManagerIntegrationFilter, SecurityContextHolderFilter, HeaderWriterFilter, LogoutFilter, RequestCacheAwareFilter, SecurityContextHolderAwareRequestFilter, AnonymousAuthenticationFilter, SessionManagementFilter, ExceptionTranslationFilter, AuthorizationFilter
2025-08-16 11:42:51 [restartedMain] INFO  o.s.b.d.a.OptionalLiveReloadServer - LiveReload server is running on port 35729
2025-08-16 11:42:51 [restartedMain] INFO  o.s.b.w.e.tomcat.TomcatWebServer - Tomcat started on port 8080 (http) with context path '/'
2025-08-16 11:42:51 [restartedMain] INFO  c.U.UsdtWallet.UsdtWalletApplication - Started UsdtWalletApplication in 3.362 seconds (process running for 3.836)
2025-08-16 11:42:53 [http-nio-8080-exec-1] INFO  o.a.c.c.C.[Tomcat].[localhost].[/] - Initializing Spring DispatcherServlet 'dispatcherServlet'
2025-08-16 11:42:53 [http-nio-8080-exec-1] INFO  o.s.web.servlet.DispatcherServlet - Initializing Servlet 'dispatcherServlet'
2025-08-16 11:42:53 [http-nio-8080-exec-1] INFO  o.s.web.servlet.DispatcherServlet - Completed initialization in 1 ms
2025-08-16 11:42:53 [http-nio-8080-exec-1] DEBUG o.s.security.web.FilterChainProxy - Securing GET /swagger-ui/index.html
2025-08-16 11:42:53 [http-nio-8080-exec-1] DEBUG o.s.s.w.a.AnonymousAuthenticationFilter - Set SecurityContextHolder to anonymous SecurityContext
2025-08-16 11:42:53 [http-nio-8080-exec-1] DEBUG o.s.security.web.FilterChainProxy - Secured GET /swagger-ui/index.html
2025-08-16 11:42:53 [http-nio-8080-exec-7] DEBUG o.s.security.web.FilterChainProxy - Securing GET /favicon.ico
2025-08-16 11:42:53 [http-nio-8080-exec-7] DEBUG o.s.s.w.a.AnonymousAuthenticationFilter - Set SecurityContextHolder to anonymous SecurityContext
2025-08-16 11:44:24 [File Watcher] INFO  o.s.b.d.a.LocalDevToolsAutoConfiguration$RestartingClassPathChangeChangedEventListener - Restarting due to 1 class path change (0 additions, 0 deletions, 1 modification)
2025-08-16 11:44:24 [Thread-5] INFO  o.s.b.w.e.tomcat.GracefulShutdown - Commencing graceful shutdown. Waiting for active requests to complete
2025-08-16 11:44:24 [tomcat-shutdown] INFO  o.s.b.w.e.tomcat.GracefulShutdown - Graceful shutdown complete
2025-08-16 11:44:24 [Thread-5] INFO  o.s.o.j.LocalContainerEntityManagerFactoryBean - Closing JPA EntityManagerFactory for persistence unit 'default'
2025-08-16 11:44:24 [Thread-5] INFO  com.zaxxer.hikari.HikariDataSource - HikariPool-1 - Shutdown initiated...
2025-08-16 11:44:24 [Thread-5] INFO  com.zaxxer.hikari.HikariDataSource - HikariPool-1 - Shutdown completed.
2025-08-16 11:44:24 [restartedMain] INFO  c.U.UsdtWallet.UsdtWalletApplication - Starting UsdtWalletApplication using Java 24.0.1 with PID 9836 (C:\Users\Admin\Desktop\cripto-project\UsdtWallet\target\classes started by Admin in C:\Users\Admin\Desktop\cripto-project\UsdtWallet)
2025-08-16 11:44:24 [restartedMain] DEBUG c.U.UsdtWallet.UsdtWalletApplication - Running with Spring Boot v3.5.4, Spring v6.2.9
2025-08-16 11:44:24 [restartedMain] INFO  c.U.UsdtWallet.UsdtWalletApplication - No active profile set, falling back to 1 default profile: "default"
2025-08-16 11:44:24 [restartedMain] INFO  o.s.d.r.c.RepositoryConfigurationDelegate - Bootstrapping Spring Data JPA repositories in DEFAULT mode.
2025-08-16 11:44:24 [restartedMain] INFO  o.s.d.r.c.RepositoryConfigurationDelegate - Finished Spring Data repository scanning in 3 ms. Found 1 JPA repository interface.
2025-08-16 11:44:24 [restartedMain] WARN  o.s.b.w.s.c.AnnotationConfigServletWebServerApplicationContext - Exception encountered during context initialization - cancelling refresh attempt: org.springframework.beans.factory.BeanCreationException: Error creating bean with name 'projectingArgumentResolverBeanPostProcessor' defined in class path resource [org/springframework/data/web/config/ProjectingArgumentResolverRegistrar.class]: BeanPostProcessor before instantiation of bean failed
2025-08-16 11:44:24 [restartedMain] INFO  o.s.b.a.l.ConditionEvaluationReportLogger - 

Error starting ApplicationContext. To display the condition evaluation report re-run your application with 'debug' enabled.
2025-08-16 11:44:24 [restartedMain] ERROR o.s.boot.SpringApplication - Application run failed
org.springframework.beans.factory.BeanCreationException: Error creating bean with name 'projectingArgumentResolverBeanPostProcessor' defined in class path resource [org/springframework/data/web/config/ProjectingArgumentResolverRegistrar.class]: BeanPostProcessor before instantiation of bean failed
	at org.springframework.beans.factory.support.AbstractAutowireCapableBeanFactory.createBean(AbstractAutowireCapableBeanFactory.java:524) ~[spring-beans-6.2.9.jar:6.2.9]
	at org.springframework.beans.factory.support.AbstractBeanFactory.lambda$doGetBean$0(AbstractBeanFactory.java:339) ~[spring-beans-6.2.9.jar:6.2.9]
	at org.springframework.beans.factory.support.DefaultSingletonBeanRegistry.getSingleton(DefaultSingletonBeanRegistry.java:373) ~[spring-beans-6.2.9.jar:6.2.9]
	at org.springframework.beans.factory.support.AbstractBeanFactory.doGetBean(AbstractBeanFactory.java:337) ~[spring-beans-6.2.9.jar:6.2.9]
	at org.springframework.beans.factory.support.AbstractBeanFactory.getBean(AbstractBeanFactory.java:207) ~[spring-beans-6.2.9.jar:6.2.9]
	at org.springframework.context.support.PostProcessorRegistrationDelegate.registerBeanPostProcessors(PostProcessorRegistrationDelegate.java:277) ~[spring-context-6.2.9.jar:6.2.9]
	at org.springframework.context.support.AbstractApplicationContext.registerBeanPostProcessors(AbstractApplicationContext.java:808) ~[spring-context-6.2.9.jar:6.2.9]
	at org.springframework.context.support.AbstractApplicationContext.refresh(AbstractApplicationContext.java:611) ~[spring-context-6.2.9.jar:6.2.9]
	at org.springframework.boot.web.servlet.context.ServletWebServerApplicationContext.refresh(ServletWebServerApplicationContext.java:146) ~[spring-boot-3.5.4.jar:3.5.4]
	at org.springframework.boot.SpringApplication.refresh(SpringApplication.java:752) ~[spring-boot-3.5.4.jar:3.5.4]
	at org.springframework.boot.SpringApplication.refreshContext(SpringApplication.java:439) ~[spring-boot-3.5.4.jar:3.5.4]
	at org.springframework.boot.SpringApplication.run(SpringApplication.java:318) ~[spring-boot-3.5.4.jar:3.5.4]
	at org.springframework.boot.SpringApplication.run(SpringApplication.java:1361) ~[spring-boot-3.5.4.jar:3.5.4]
	at org.springframework.boot.SpringApplication.run(SpringApplication.java:1350) ~[spring-boot-3.5.4.jar:3.5.4]
	at com.UsdtWallet.UsdtWallet.UsdtWalletApplication.main(UsdtWalletApplication.java:10) ~[classes/:na]
	at java.base/jdk.internal.reflect.DirectMethodHandleAccessor.invoke(DirectMethodHandleAccessor.java:104) ~[na:na]
	at java.base/java.lang.reflect.Method.invoke(Method.java:565) ~[na:na]
	at org.springframework.boot.devtools.restart.RestartLauncher.run(RestartLauncher.java:50) ~[spring-boot-devtools-3.5.4.jar:3.5.4]
Caused by: org.springframework.beans.factory.BeanCreationException: Error creating bean with name 'org.springframework.transaction.annotation.ProxyTransactionManagementConfiguration': BeanPostProcessor before instantiation of bean failed
	at org.springframework.beans.factory.support.AbstractAutowireCapableBeanFactory.createBean(AbstractAutowireCapableBeanFactory.java:524) ~[spring-beans-6.2.9.jar:6.2.9]
	at org.springframework.beans.factory.support.AbstractBeanFactory.lambda$doGetBean$0(AbstractBeanFactory.java:339) ~[spring-beans-6.2.9.jar:6.2.9]
	at org.springframework.beans.factory.support.DefaultSingletonBeanRegistry.getSingleton(DefaultSingletonBeanRegistry.java:373) ~[spring-beans-6.2.9.jar:6.2.9]
	at org.springframework.beans.factory.support.AbstractBeanFactory.doGetBean(AbstractBeanFactory.java:337) ~[spring-beans-6.2.9.jar:6.2.9]
	at org.springframework.beans.factory.support.AbstractBeanFactory.getBean(AbstractBeanFactory.java:202) ~[spring-beans-6.2.9.jar:6.2.9]
	at org.springframework.beans.factory.support.ConstructorResolver.instantiateUsingFactoryMethod(ConstructorResolver.java:413) ~[spring-beans-6.2.9.jar:6.2.9]
	at org.springframework.beans.factory.support.AbstractAutowireCapableBeanFactory.instantiateUsingFactoryMethod(AbstractAutowireCapableBeanFactory.java:1375) ~[spring-beans-6.2.9.jar:6.2.9]
	at org.springframework.beans.factory.support.AbstractAutowireCapableBeanFactory.createBeanInstance(AbstractAutowireCapableBeanFactory.java:1205) ~[spring-beans-6.2.9.jar:6.2.9]
	at org.springframework.beans.factory.support.AbstractAutowireCapableBeanFactory.doCreateBean(AbstractAutowireCapableBeanFactory.java:569) ~[spring-beans-6.2.9.jar:6.2.9]
	at org.springframework.beans.factory.support.AbstractAutowireCapableBeanFactory.createBean(AbstractAutowireCapableBeanFactory.java:529) ~[spring-beans-6.2.9.jar:6.2.9]
	at org.springframework.beans.factory.support.AbstractBeanFactory.lambda$doGetBean$0(AbstractBeanFactory.java:339) ~[spring-beans-6.2.9.jar:6.2.9]
	at org.springframework.beans.factory.support.DefaultSingletonBeanRegistry.getSingleton(DefaultSingletonBeanRegistry.java:373) ~[spring-beans-6.2.9.jar:6.2.9]
	at org.springframework.beans.factory.support.AbstractBeanFactory.doGetBean(AbstractBeanFactory.java:337) ~[spring-beans-6.2.9.jar:6.2.9]
	at org.springframework.beans.factory.support.AbstractBeanFactory.getBean(AbstractBeanFactory.java:207) ~[spring-beans-6.2.9.jar:6.2.9]
	at org.springframework.aop.framework.autoproxy.BeanFactoryAdvisorRetrievalHelper.findAdvisorBeans(BeanFactoryAdvisorRetrievalHelper.java:91) ~[spring-aop-6.2.9.jar:6.2.9]
	at org.springframework.aop.framework.autoproxy.AbstractAdvisorAutoProxyCreator.findCandidateAdvisors(AbstractAdvisorAutoProxyCreator.java:119) ~[spring-aop-6.2.9.jar:6.2.9]
	at org.springframework.aop.aspectj.annotation.AnnotationAwareAspectJAutoProxyCreator.findCandidateAdvisors(AnnotationAwareAspectJAutoProxyCreator.java:92) ~[spring-aop-6.2.9.jar:6.2.9]
	at org.springframework.aop.aspectj.autoproxy.AspectJAwareAdvisorAutoProxyCreator.shouldSkip(AspectJAwareAdvisorAutoProxyCreator.java:105) ~[spring-aop-6.2.9.jar:6.2.9]
	at org.springframework.aop.framework.autoproxy.AbstractAutoProxyCreator.postProcessBeforeInstantiation(AbstractAutoProxyCreator.java:280) ~[spring-aop-6.2.9.jar:6.2.9]
	at org.springframework.beans.factory.support.AbstractAutowireCapableBeanFactory.applyBeanPostProcessorsBeforeInstantiation(AbstractAutowireCapableBeanFactory.java:1168) ~[spring-beans-6.2.9.jar:6.2.9]
	at org.springframework.beans.factory.support.AbstractAutowireCapableBeanFactory.resolveBeforeInstantiation(AbstractAutowireCapableBeanFactory.java:1143) ~[spring-beans-6.2.9.jar:6.2.9]
	at org.springframework.beans.factory.support.AbstractAutowireCapableBeanFactory.createBean(AbstractAutowireCapableBeanFactory.java:518) ~[spring-beans-6.2.9.jar:6.2.9]
	... 17 common frames omitted
Caused by: org.springframework.beans.factory.BeanCreationException: Error creating bean with name 'metaDataSourceAdvisor': Cannot resolve reference to bean 'methodSecurityMetadataSource' while setting constructor argument
	at org.springframework.beans.factory.support.BeanDefinitionValueResolver.resolveReference(BeanDefinitionValueResolver.java:377) ~[spring-beans-6.2.9.jar:6.2.9]
	at org.springframework.beans.factory.support.BeanDefinitionValueResolver.resolveValueIfNecessary(BeanDefinitionValueResolver.java:135) ~[spring-beans-6.2.9.jar:6.2.9]
	at org.springframework.beans.factory.support.ConstructorResolver.resolveConstructorArguments(ConstructorResolver.java:691) ~[spring-beans-6.2.9.jar:6.2.9]
	at org.springframework.beans.factory.support.ConstructorResolver.autowireConstructor(ConstructorResolver.java:206) ~[spring-beans-6.2.9.jar:6.2.9]
	at org.springframework.beans.factory.support.AbstractAutowireCapableBeanFactory.autowireConstructor(AbstractAutowireCapableBeanFactory.java:1395) ~[spring-beans-6.2.9.jar:6.2.9]
	at org.springframework.beans.factory.support.AbstractAutowireCapableBeanFactory.createBeanInstance(AbstractAutowireCapableBeanFactory.java:1232) ~[spring-beans-6.2.9.jar:6.2.9]
	at org.springframework.beans.factory.support.AbstractAutowireCapableBeanFactory.doCreateBean(AbstractAutowireCapableBeanFactory.java:569) ~[spring-beans-6.2.9.jar:6.2.9]
	at org.springframework.beans.factory.support.AbstractAutowireCapableBeanFactory.createBean(AbstractAutowireCapableBeanFactory.java:529) ~[spring-beans-6.2.9.jar:6.2.9]
	at org.springframework.beans.factory.support.AbstractBeanFactory.lambda$doGetBean$0(AbstractBeanFactory.java:339) ~[spring-beans-6.2.9.jar:6.2.9]
	at org.springframework.beans.factory.support.DefaultSingletonBeanRegistry.getSingleton(DefaultSingletonBeanRegistry.java:373) ~[spring-beans-6.2.9.jar:6.2.9]
	at org.springframework.beans.factory.support.AbstractBeanFactory.doGetBean(AbstractBeanFactory.java:337) ~[spring-beans-6.2.9.jar:6.2.9]
	at org.springframework.beans.factory.support.AbstractBeanFactory.getBean(AbstractBeanFactory.java:207) ~[spring-beans-6.2.9.jar:6.2.9]
	at org.springframework.aop.framework.autoproxy.BeanFactoryAdvisorRetrievalHelper.findAdvisorBeans(BeanFactoryAdvisorRetrievalHelper.java:91) ~[spring-aop-6.2.9.jar:6.2.9]
	at org.springframework.aop.framework.autoproxy.AbstractAdvisorAutoProxyCreator.findCandidateAdvisors(AbstractAdvisorAutoProxyCreator.java:119) ~[spring-aop-6.2.9.jar:6.2.9]
	at org.springframework.aop.aspectj.annotation.AnnotationAwareAspectJAutoProxyCreator.findCandidateAdvisors(AnnotationAwareAspectJAutoProxyCreator.java:92) ~[spring-aop-6.2.9.jar:6.2.9]
	at org.springframework.aop.aspectj.autoproxy.AspectJAwareAdvisorAutoProxyCreator.shouldSkip(AspectJAwareAdvisorAutoProxyCreator.java:105) ~[spring-aop-6.2.9.jar:6.2.9]
	at org.springframework.aop.framework.autoproxy.AbstractAutoProxyCreator.postProcessBeforeInstantiation(AbstractAutoProxyCreator.java:280) ~[spring-aop-6.2.9.jar:6.2.9]
	at org.springframework.beans.factory.support.AbstractAutowireCapableBeanFactory.applyBeanPostProcessorsBeforeInstantiation(AbstractAutowireCapableBeanFactory.java:1168) ~[spring-beans-6.2.9.jar:6.2.9]
	at org.springframework.beans.factory.support.AbstractAutowireCapableBeanFactory.resolveBeforeInstantiation(AbstractAutowireCapableBeanFactory.java:1143) ~[spring-beans-6.2.9.jar:6.2.9]
	at org.springframework.beans.factory.support.AbstractAutowireCapableBeanFactory.createBean(AbstractAutowireCapableBeanFactory.java:518) ~[spring-beans-6.2.9.jar:6.2.9]
	... 38 common frames omitted
Caused by: org.springframework.beans.factory.BeanCreationException: Error creating bean with name 'methodSecurityMetadataSource' defined in class path resource [org/springframework/security/config/annotation/method/configuration/GlobalMethodSecurityConfiguration.class]: Failed to instantiate [org.springframework.security.access.method.MethodSecurityMetadataSource]: Factory method 'methodSecurityMetadataSource' threw exception with message: In the composition of all global method configuration, no annotation support was actually activated
	at org.springframework.beans.factory.support.ConstructorResolver.instantiate(ConstructorResolver.java:657) ~[spring-beans-6.2.9.jar:6.2.9]
	at org.springframework.beans.factory.support.ConstructorResolver.instantiateUsingFactoryMethod(ConstructorResolver.java:489) ~[spring-beans-6.2.9.jar:6.2.9]
	at org.springframework.beans.factory.support.AbstractAutowireCapableBeanFactory.instantiateUsingFactoryMethod(AbstractAutowireCapableBeanFactory.java:1375) ~[spring-beans-6.2.9.jar:6.2.9]
	at org.springframework.beans.factory.support.AbstractAutowireCapableBeanFactory.createBeanInstance(AbstractAutowireCapableBeanFactory.java:1205) ~[spring-beans-6.2.9.jar:6.2.9]
	at org.springframework.beans.factory.support.AbstractAutowireCapableBeanFactory.doCreateBean(AbstractAutowireCapableBeanFactory.java:569) ~[spring-beans-6.2.9.jar:6.2.9]
	at org.springframework.beans.factory.support.AbstractAutowireCapableBeanFactory.createBean(AbstractAutowireCapableBeanFactory.java:529) ~[spring-beans-6.2.9.jar:6.2.9]
	at org.springframework.beans.factory.support.AbstractBeanFactory.lambda$doGetBean$0(AbstractBeanFactory.java:339) ~[spring-beans-6.2.9.jar:6.2.9]
	at org.springframework.beans.factory.support.DefaultSingletonBeanRegistry.getSingleton(DefaultSingletonBeanRegistry.java:373) ~[spring-beans-6.2.9.jar:6.2.9]
	at org.springframework.beans.factory.support.AbstractBeanFactory.doGetBean(AbstractBeanFactory.java:337) ~[spring-beans-6.2.9.jar:6.2.9]
	at org.springframework.beans.factory.support.AbstractBeanFactory.getBean(AbstractBeanFactory.java:202) ~[spring-beans-6.2.9.jar:6.2.9]
	at org.springframework.beans.factory.support.BeanDefinitionValueResolver.resolveReference(BeanDefinitionValueResolver.java:365) ~[spring-beans-6.2.9.jar:6.2.9]
	... 57 common frames omitted
Caused by: org.springframework.beans.BeanInstantiationException: Failed to instantiate [org.springframework.security.access.method.MethodSecurityMetadataSource]: Factory method 'methodSecurityMetadataSource' threw exception with message: In the composition of all global method configuration, no annotation support was actually activated
	at org.springframework.beans.factory.support.SimpleInstantiationStrategy.lambda$instantiate$0(SimpleInstantiationStrategy.java:200) ~[spring-beans-6.2.9.jar:6.2.9]
	at org.springframework.beans.factory.support.SimpleInstantiationStrategy.instantiateWithFactoryMethod(SimpleInstantiationStrategy.java:89) ~[spring-beans-6.2.9.jar:6.2.9]
	at org.springframework.beans.factory.support.SimpleInstantiationStrategy.instantiate(SimpleInstantiationStrategy.java:169) ~[spring-beans-6.2.9.jar:6.2.9]
	at org.springframework.beans.factory.support.ConstructorResolver.instantiate(ConstructorResolver.java:653) ~[spring-beans-6.2.9.jar:6.2.9]
	... 67 common frames omitted
Caused by: java.lang.IllegalStateException: In the composition of all global method configuration, no annotation support was actually activated
	at org.springframework.util.Assert.state(Assert.java:79) ~[spring-core-6.2.9.jar:6.2.9]
	at org.springframework.security.config.annotation.method.configuration.GlobalMethodSecurityConfiguration.methodSecurityMetadataSource(GlobalMethodSecurityConfiguration.java:361) ~[spring-security-config-6.5.2.jar:6.5.2]
	at java.base/jdk.internal.reflect.DirectMethodHandleAccessor.invoke(DirectMethodHandleAccessor.java:104) ~[na:na]
	at java.base/java.lang.reflect.Method.invoke(Method.java:565) ~[na:na]
	at org.springframework.beans.factory.support.SimpleInstantiationStrategy.lambda$instantiate$0(SimpleInstantiationStrategy.java:172) ~[spring-beans-6.2.9.jar:6.2.9]
	... 70 common frames omitted
2025-08-16 11:44:38 [restartedMain] INFO  c.U.UsdtWallet.UsdtWalletApplication - Starting UsdtWalletApplication using Java 24.0.1 with PID 24444 (C:\Users\Admin\Desktop\cripto-project\UsdtWallet\target\classes started by Admin in C:\Users\Admin\Desktop\cripto-project\UsdtWallet)
2025-08-16 11:44:38 [restartedMain] DEBUG c.U.UsdtWallet.UsdtWalletApplication - Running with Spring Boot v3.5.4, Spring v6.2.9
2025-08-16 11:44:38 [restartedMain] INFO  c.U.UsdtWallet.UsdtWalletApplication - No active profile set, falling back to 1 default profile: "default"
2025-08-16 11:44:39 [restartedMain] INFO  o.s.b.d.e.DevToolsPropertyDefaultsPostProcessor - Devtools property defaults active! Set 'spring.devtools.add-properties' to 'false' to disable
2025-08-16 11:44:39 [restartedMain] INFO  o.s.b.d.e.DevToolsPropertyDefaultsPostProcessor - For additional web related logging consider setting the 'logging.level.web' property to 'DEBUG'
2025-08-16 11:44:39 [restartedMain] INFO  o.s.d.r.c.RepositoryConfigurationDelegate - Bootstrapping Spring Data JPA repositories in DEFAULT mode.
2025-08-16 11:44:39 [restartedMain] INFO  o.s.d.r.c.RepositoryConfigurationDelegate - Finished Spring Data repository scanning in 24 ms. Found 1 JPA repository interface.
2025-08-16 11:44:39 [restartedMain] WARN  o.s.b.w.s.c.AnnotationConfigServletWebServerApplicationContext - Exception encountered during context initialization - cancelling refresh attempt: org.springframework.beans.factory.BeanCreationException: Error creating bean with name 'projectingArgumentResolverBeanPostProcessor' defined in class path resource [org/springframework/data/web/config/ProjectingArgumentResolverRegistrar.class]: BeanPostProcessor before instantiation of bean failed
2025-08-16 11:44:39 [restartedMain] INFO  o.s.b.a.l.ConditionEvaluationReportLogger - 

Error starting ApplicationContext. To display the condition evaluation report re-run your application with 'debug' enabled.
2025-08-16 11:44:39 [restartedMain] ERROR o.s.boot.SpringApplication - Application run failed
org.springframework.beans.factory.BeanCreationException: Error creating bean with name 'projectingArgumentResolverBeanPostProcessor' defined in class path resource [org/springframework/data/web/config/ProjectingArgumentResolverRegistrar.class]: BeanPostProcessor before instantiation of bean failed
	at org.springframework.beans.factory.support.AbstractAutowireCapableBeanFactory.createBean(AbstractAutowireCapableBeanFactory.java:524)
	at org.springframework.beans.factory.support.AbstractBeanFactory.lambda$doGetBean$0(AbstractBeanFactory.java:339)
	at org.springframework.beans.factory.support.DefaultSingletonBeanRegistry.getSingleton(DefaultSingletonBeanRegistry.java:373)
	at org.springframework.beans.factory.support.AbstractBeanFactory.doGetBean(AbstractBeanFactory.java:337)
	at org.springframework.beans.factory.support.AbstractBeanFactory.getBean(AbstractBeanFactory.java:207)
	at org.springframework.context.support.PostProcessorRegistrationDelegate.registerBeanPostProcessors(PostProcessorRegistrationDelegate.java:277)
	at org.springframework.context.support.AbstractApplicationContext.registerBeanPostProcessors(AbstractApplicationContext.java:808)
	at org.springframework.context.support.AbstractApplicationContext.refresh(AbstractApplicationContext.java:611)
	at org.springframework.boot.web.servlet.context.ServletWebServerApplicationContext.refresh(ServletWebServerApplicationContext.java:146)
	at org.springframework.boot.SpringApplication.refresh(SpringApplication.java:752)
	at org.springframework.boot.SpringApplication.refreshContext(SpringApplication.java:439)
	at org.springframework.boot.SpringApplication.run(SpringApplication.java:318)
	at org.springframework.boot.SpringApplication.run(SpringApplication.java:1361)
	at org.springframework.boot.SpringApplication.run(SpringApplication.java:1350)
	at com.UsdtWallet.UsdtWallet.UsdtWalletApplication.main(UsdtWalletApplication.java:10)
	at java.base/jdk.internal.reflect.DirectMethodHandleAccessor.invoke(DirectMethodHandleAccessor.java:104)
	at java.base/java.lang.reflect.Method.invoke(Method.java:565)
	at org.springframework.boot.devtools.restart.RestartLauncher.run(RestartLauncher.java:50)
Caused by: org.springframework.beans.factory.BeanCreationException: Error creating bean with name 'org.springframework.transaction.annotation.ProxyTransactionManagementConfiguration': BeanPostProcessor before instantiation of bean failed
	at org.springframework.beans.factory.support.AbstractAutowireCapableBeanFactory.createBean(AbstractAutowireCapableBeanFactory.java:524)
	at org.springframework.beans.factory.support.AbstractBeanFactory.lambda$doGetBean$0(AbstractBeanFactory.java:339)
	at org.springframework.beans.factory.support.DefaultSingletonBeanRegistry.getSingleton(DefaultSingletonBeanRegistry.java:373)
	at org.springframework.beans.factory.support.AbstractBeanFactory.doGetBean(AbstractBeanFactory.java:337)
	at org.springframework.beans.factory.support.AbstractBeanFactory.getBean(AbstractBeanFactory.java:202)
	at org.springframework.beans.factory.support.ConstructorResolver.instantiateUsingFactoryMethod(ConstructorResolver.java:413)
	at org.springframework.beans.factory.support.AbstractAutowireCapableBeanFactory.instantiateUsingFactoryMethod(AbstractAutowireCapableBeanFactory.java:1375)
	at org.springframework.beans.factory.support.AbstractAutowireCapableBeanFactory.createBeanInstance(AbstractAutowireCapableBeanFactory.java:1205)
	at org.springframework.beans.factory.support.AbstractAutowireCapableBeanFactory.doCreateBean(AbstractAutowireCapableBeanFactory.java:569)
	at org.springframework.beans.factory.support.AbstractAutowireCapableBeanFactory.createBean(AbstractAutowireCapableBeanFactory.java:529)
	at org.springframework.beans.factory.support.AbstractBeanFactory.lambda$doGetBean$0(AbstractBeanFactory.java:339)
	at org.springframework.beans.factory.support.DefaultSingletonBeanRegistry.getSingleton(DefaultSingletonBeanRegistry.java:373)
	at org.springframework.beans.factory.support.AbstractBeanFactory.doGetBean(AbstractBeanFactory.java:337)
	at org.springframework.beans.factory.support.AbstractBeanFactory.getBean(AbstractBeanFactory.java:207)
	at org.springframework.aop.framework.autoproxy.BeanFactoryAdvisorRetrievalHelper.findAdvisorBeans(BeanFactoryAdvisorRetrievalHelper.java:91)
	at org.springframework.aop.framework.autoproxy.AbstractAdvisorAutoProxyCreator.findCandidateAdvisors(AbstractAdvisorAutoProxyCreator.java:119)
	at org.springframework.aop.aspectj.annotation.AnnotationAwareAspectJAutoProxyCreator.findCandidateAdvisors(AnnotationAwareAspectJAutoProxyCreator.java:92)
	at org.springframework.aop.aspectj.autoproxy.AspectJAwareAdvisorAutoProxyCreator.shouldSkip(AspectJAwareAdvisorAutoProxyCreator.java:105)
	at org.springframework.aop.framework.autoproxy.AbstractAutoProxyCreator.postProcessBeforeInstantiation(AbstractAutoProxyCreator.java:280)
	at org.springframework.beans.factory.support.AbstractAutowireCapableBeanFactory.applyBeanPostProcessorsBeforeInstantiation(AbstractAutowireCapableBeanFactory.java:1168)
	at org.springframework.beans.factory.support.AbstractAutowireCapableBeanFactory.resolveBeforeInstantiation(AbstractAutowireCapableBeanFactory.java:1143)
	at org.springframework.beans.factory.support.AbstractAutowireCapableBeanFactory.createBean(AbstractAutowireCapableBeanFactory.java:518)
	... 17 common frames omitted
Caused by: org.springframework.beans.factory.BeanCreationException: Error creating bean with name 'metaDataSourceAdvisor': Cannot resolve reference to bean 'methodSecurityMetadataSource' while setting constructor argument
	at org.springframework.beans.factory.support.BeanDefinitionValueResolver.resolveReference(BeanDefinitionValueResolver.java:377)
	at org.springframework.beans.factory.support.BeanDefinitionValueResolver.resolveValueIfNecessary(BeanDefinitionValueResolver.java:135)
	at org.springframework.beans.factory.support.ConstructorResolver.resolveConstructorArguments(ConstructorResolver.java:691)
	at org.springframework.beans.factory.support.ConstructorResolver.autowireConstructor(ConstructorResolver.java:206)
	at org.springframework.beans.factory.support.AbstractAutowireCapableBeanFactory.autowireConstructor(AbstractAutowireCapableBeanFactory.java:1395)
	at org.springframework.beans.factory.support.AbstractAutowireCapableBeanFactory.createBeanInstance(AbstractAutowireCapableBeanFactory.java:1232)
	at org.springframework.beans.factory.support.AbstractAutowireCapableBeanFactory.doCreateBean(AbstractAutowireCapableBeanFactory.java:569)
	at org.springframework.beans.factory.support.AbstractAutowireCapableBeanFactory.createBean(AbstractAutowireCapableBeanFactory.java:529)
	at org.springframework.beans.factory.support.AbstractBeanFactory.lambda$doGetBean$0(AbstractBeanFactory.java:339)
	at org.springframework.beans.factory.support.DefaultSingletonBeanRegistry.getSingleton(DefaultSingletonBeanRegistry.java:373)
	at org.springframework.beans.factory.support.AbstractBeanFactory.doGetBean(AbstractBeanFactory.java:337)
	at org.springframework.beans.factory.support.AbstractBeanFactory.getBean(AbstractBeanFactory.java:207)
	at org.springframework.aop.framework.autoproxy.BeanFactoryAdvisorRetrievalHelper.findAdvisorBeans(BeanFactoryAdvisorRetrievalHelper.java:91)
	at org.springframework.aop.framework.autoproxy.AbstractAdvisorAutoProxyCreator.findCandidateAdvisors(AbstractAdvisorAutoProxyCreator.java:119)
	at org.springframework.aop.aspectj.annotation.AnnotationAwareAspectJAutoProxyCreator.findCandidateAdvisors(AnnotationAwareAspectJAutoProxyCreator.java:92)
	at org.springframework.aop.aspectj.autoproxy.AspectJAwareAdvisorAutoProxyCreator.shouldSkip(AspectJAwareAdvisorAutoProxyCreator.java:105)
	at org.springframework.aop.framework.autoproxy.AbstractAutoProxyCreator.postProcessBeforeInstantiation(AbstractAutoProxyCreator.java:280)
	at org.springframework.beans.factory.support.AbstractAutowireCapableBeanFactory.applyBeanPostProcessorsBeforeInstantiation(AbstractAutowireCapableBeanFactory.java:1168)
	at org.springframework.beans.factory.support.AbstractAutowireCapableBeanFactory.resolveBeforeInstantiation(AbstractAutowireCapableBeanFactory.java:1143)
	at org.springframework.beans.factory.support.AbstractAutowireCapableBeanFactory.createBean(AbstractAutowireCapableBeanFactory.java:518)
	... 38 common frames omitted
Caused by: org.springframework.beans.factory.BeanCreationException: Error creating bean with name 'methodSecurityMetadataSource' defined in class path resource [org/springframework/security/config/annotation/method/configuration/GlobalMethodSecurityConfiguration.class]: Failed to instantiate [org.springframework.security.access.method.MethodSecurityMetadataSource]: Factory method 'methodSecurityMetadataSource' threw exception with message: In the composition of all global method configuration, no annotation support was actually activated
	at org.springframework.beans.factory.support.ConstructorResolver.instantiate(ConstructorResolver.java:657)
	at org.springframework.beans.factory.support.ConstructorResolver.instantiateUsingFactoryMethod(ConstructorResolver.java:489)
	at org.springframework.beans.factory.support.AbstractAutowireCapableBeanFactory.instantiateUsingFactoryMethod(AbstractAutowireCapableBeanFactory.java:1375)
	at org.springframework.beans.factory.support.AbstractAutowireCapableBeanFactory.createBeanInstance(AbstractAutowireCapableBeanFactory.java:1205)
	at org.springframework.beans.factory.support.AbstractAutowireCapableBeanFactory.doCreateBean(AbstractAutowireCapableBeanFactory.java:569)
	at org.springframework.beans.factory.support.AbstractAutowireCapableBeanFactory.createBean(AbstractAutowireCapableBeanFactory.java:529)
	at org.springframework.beans.factory.support.AbstractBeanFactory.lambda$doGetBean$0(AbstractBeanFactory.java:339)
	at org.springframework.beans.factory.support.DefaultSingletonBeanRegistry.getSingleton(DefaultSingletonBeanRegistry.java:373)
	at org.springframework.beans.factory.support.AbstractBeanFactory.doGetBean(AbstractBeanFactory.java:337)
	at org.springframework.beans.factory.support.AbstractBeanFactory.getBean(AbstractBeanFactory.java:202)
	at org.springframework.beans.factory.support.BeanDefinitionValueResolver.resolveReference(BeanDefinitionValueResolver.java:365)
	... 57 common frames omitted
Caused by: org.springframework.beans.BeanInstantiationException: Failed to instantiate [org.springframework.security.access.method.MethodSecurityMetadataSource]: Factory method 'methodSecurityMetadataSource' threw exception with message: In the composition of all global method configuration, no annotation support was actually activated
	at org.springframework.beans.factory.support.SimpleInstantiationStrategy.lambda$instantiate$0(SimpleInstantiationStrategy.java:200)
	at org.springframework.beans.factory.support.SimpleInstantiationStrategy.instantiateWithFactoryMethod(SimpleInstantiationStrategy.java:89)
	at org.springframework.beans.factory.support.SimpleInstantiationStrategy.instantiate(SimpleInstantiationStrategy.java:169)
	at org.springframework.beans.factory.support.ConstructorResolver.instantiate(ConstructorResolver.java:653)
	... 67 common frames omitted
Caused by: java.lang.IllegalStateException: In the composition of all global method configuration, no annotation support was actually activated
	at org.springframework.util.Assert.state(Assert.java:79)
	at org.springframework.security.config.annotation.method.configuration.GlobalMethodSecurityConfiguration.methodSecurityMetadataSource(GlobalMethodSecurityConfiguration.java:361)
	at java.base/jdk.internal.reflect.DirectMethodHandleAccessor.invoke(DirectMethodHandleAccessor.java:104)
	at java.base/java.lang.reflect.Method.invoke(Method.java:565)
	at org.springframework.beans.factory.support.SimpleInstantiationStrategy.lambda$instantiate$0(SimpleInstantiationStrategy.java:172)
	... 70 common frames omitted
2025-08-16 11:45:50 [restartedMain] INFO  c.U.UsdtWallet.UsdtWalletApplication - Starting UsdtWalletApplication using Java 24.0.1 with PID 30676 (C:\Users\Admin\Desktop\cripto-project\UsdtWallet\target\classes started by Admin in C:\Users\Admin\Desktop\cripto-project\UsdtWallet)
2025-08-16 11:45:50 [restartedMain] DEBUG c.U.UsdtWallet.UsdtWalletApplication - Running with Spring Boot v3.5.4, Spring v6.2.9
2025-08-16 11:45:50 [restartedMain] INFO  c.U.UsdtWallet.UsdtWalletApplication - No active profile set, falling back to 1 default profile: "default"
2025-08-16 11:45:50 [restartedMain] INFO  o.s.b.d.e.DevToolsPropertyDefaultsPostProcessor - Devtools property defaults active! Set 'spring.devtools.add-properties' to 'false' to disable
2025-08-16 11:45:50 [restartedMain] INFO  o.s.b.d.e.DevToolsPropertyDefaultsPostProcessor - For additional web related logging consider setting the 'logging.level.web' property to 'DEBUG'
2025-08-16 11:45:50 [restartedMain] INFO  o.s.d.r.c.RepositoryConfigurationDelegate - Bootstrapping Spring Data JPA repositories in DEFAULT mode.
2025-08-16 11:45:50 [restartedMain] INFO  o.s.d.r.c.RepositoryConfigurationDelegate - Finished Spring Data repository scanning in 18 ms. Found 1 JPA repository interface.
2025-08-16 11:45:50 [restartedMain] INFO  o.s.b.w.e.tomcat.TomcatWebServer - Tomcat initialized with port 8080 (http)
2025-08-16 11:45:50 [restartedMain] INFO  o.a.catalina.core.StandardService - Starting service [Tomcat]
2025-08-16 11:45:50 [restartedMain] INFO  o.a.catalina.core.StandardEngine - Starting Servlet engine: [Apache Tomcat/10.1.43]
2025-08-16 11:45:51 [restartedMain] INFO  o.a.c.c.C.[Tomcat].[localhost].[/] - Initializing Spring embedded WebApplicationContext
2025-08-16 11:45:51 [restartedMain] INFO  o.s.b.w.s.c.ServletWebServerApplicationContext - Root WebApplicationContext: initialization completed in 908 ms
2025-08-16 11:45:51 [restartedMain] DEBUG c.U.U.s.JwtAuthenticationFilter - Filter 'jwtAuthenticationFilter' configured for use
2025-08-16 11:45:51 [restartedMain] INFO  o.h.jpa.internal.util.LogHelper - HHH000204: Processing PersistenceUnitInfo [name: default]
2025-08-16 11:45:51 [restartedMain] INFO  org.hibernate.Version - HHH000412: Hibernate ORM core version 6.6.22.Final
2025-08-16 11:45:51 [restartedMain] INFO  o.h.c.i.RegionFactoryInitiator - HHH000026: Second-level cache disabled
2025-08-16 11:45:51 [restartedMain] INFO  o.s.o.j.p.SpringPersistenceUnitInfo - No LoadTimeWeaver setup: ignoring JPA class transformer
2025-08-16 11:45:51 [restartedMain] INFO  com.zaxxer.hikari.HikariDataSource - HikariPool-1 - Starting...
2025-08-16 11:45:51 [restartedMain] INFO  com.zaxxer.hikari.pool.HikariPool - HikariPool-1 - Added connection org.postgresql.jdbc.PgConnection@42cd3c77
2025-08-16 11:45:51 [restartedMain] INFO  com.zaxxer.hikari.HikariDataSource - HikariPool-1 - Start completed.
2025-08-16 11:45:51 [restartedMain] WARN  org.hibernate.orm.deprecation - HHH90000025: PostgreSQLDialect does not need to be specified explicitly using 'hibernate.dialect' (remove the property setting and it will be selected by default)
2025-08-16 11:45:51 [restartedMain] INFO  o.hibernate.orm.connections.pooling - HHH10001005: Database info:
	Database JDBC URL [Connecting through datasource 'HikariDataSource (HikariPool-1)']
	Database driver: undefined/unknown
	Database version: 14.18
	Autocommit mode: undefined/unknown
	Isolation level: undefined/unknown
	Minimum pool size: undefined/unknown
	Maximum pool size: undefined/unknown
2025-08-16 11:45:52 [restartedMain] INFO  o.h.e.t.j.p.i.JtaPlatformInitiator - HHH000489: No JTA platform available (set 'hibernate.transaction.jta.platform' to enable JTA platform integration)
2025-08-16 11:45:52 [restartedMain] INFO  o.s.o.j.LocalContainerEntityManagerFactoryBean - Initialized JPA EntityManagerFactory for persistence unit 'default'
2025-08-16 11:45:52 [restartedMain] INFO  o.s.s.c.a.a.c.InitializeUserDetailsBeanManagerConfigurer$InitializeUserDetailsManagerConfigurer - Global AuthenticationManager configured with UserDetailsService bean with name customUserDetailService
2025-08-16 11:45:52 [restartedMain] WARN  o.s.b.a.o.j.JpaBaseConfiguration$JpaWebConfiguration - spring.jpa.open-in-view is enabled by default. Therefore, database queries may be performed during view rendering. Explicitly configure spring.jpa.open-in-view to disable this warning
2025-08-16 11:45:52 [restartedMain] DEBUG o.s.s.web.DefaultSecurityFilterChain - Will secure any request with filters: DisableEncodeUrlFilter, WebAsyncManagerIntegrationFilter, SecurityContextHolderFilter, HeaderWriterFilter, LogoutFilter, JwtAuthenticationFilter, RequestCacheAwareFilter, SecurityContextHolderAwareRequestFilter, AnonymousAuthenticationFilter, SessionManagementFilter, ExceptionTranslationFilter, AuthorizationFilter
2025-08-16 11:45:52 [restartedMain] INFO  o.s.b.d.a.OptionalLiveReloadServer - LiveReload server is running on port 35729
2025-08-16 11:45:53 [restartedMain] INFO  o.s.b.w.e.tomcat.TomcatWebServer - Tomcat started on port 8080 (http) with context path '/'
2025-08-16 11:45:53 [restartedMain] INFO  c.U.UsdtWallet.UsdtWalletApplication - Started UsdtWalletApplication in 3.254 seconds (process running for 3.71)
2025-08-16 11:46:06 [http-nio-8080-exec-1] INFO  o.a.c.c.C.[Tomcat].[localhost].[/] - Initializing Spring DispatcherServlet 'dispatcherServlet'
2025-08-16 11:46:06 [http-nio-8080-exec-1] INFO  o.s.web.servlet.DispatcherServlet - Initializing Servlet 'dispatcherServlet'
2025-08-16 11:46:06 [http-nio-8080-exec-1] INFO  o.s.web.servlet.DispatcherServlet - Completed initialization in 0 ms
2025-08-16 11:46:06 [http-nio-8080-exec-1] DEBUG o.s.security.web.FilterChainProxy - Securing GET /v3/api-docs
2025-08-16 11:46:06 [http-nio-8080-exec-2] DEBUG o.s.security.web.FilterChainProxy - Securing GET /favicon.ico
2025-08-16 11:46:27 [http-nio-8080-exec-3] DEBUG o.s.security.web.FilterChainProxy - Securing GET /swagger-ui/index.html
2025-08-16 11:46:27 [http-nio-8080-exec-4] DEBUG o.s.security.web.FilterChainProxy - Securing GET /favicon.ico
2025-08-16 11:46:47 [http-nio-8080-exec-5] DEBUG o.s.security.web.FilterChainProxy - Securing GET /.well-known/appspecific/com.chrome.devtools.json
2025-08-16 11:46:50 [http-nio-8080-exec-6] DEBUG o.s.security.web.FilterChainProxy - Securing GET /swagger-ui/index.html
2025-08-16 11:46:50 [http-nio-8080-exec-7] DEBUG o.s.security.web.FilterChainProxy - Securing GET /.well-known/appspecific/com.chrome.devtools.json
2025-08-16 11:46:50 [http-nio-8080-exec-8] DEBUG o.s.security.web.FilterChainProxy - Securing GET /favicon.ico
2025-08-16 11:49:03 [SpringApplicationShutdownHook] INFO  o.s.b.w.e.tomcat.GracefulShutdown - Commencing graceful shutdown. Waiting for active requests to complete
2025-08-16 11:49:03 [tomcat-shutdown] INFO  o.s.b.w.e.tomcat.GracefulShutdown - Graceful shutdown complete
2025-08-16 11:49:03 [SpringApplicationShutdownHook] INFO  o.s.o.j.LocalContainerEntityManagerFactoryBean - Closing JPA EntityManagerFactory for persistence unit 'default'
2025-08-16 11:49:03 [SpringApplicationShutdownHook] INFO  com.zaxxer.hikari.HikariDataSource - HikariPool-1 - Shutdown initiated...
2025-08-16 11:49:03 [SpringApplicationShutdownHook] INFO  com.zaxxer.hikari.HikariDataSource - HikariPool-1 - Shutdown completed.
2025-08-16 11:49:09 [restartedMain] INFO  c.U.UsdtWallet.UsdtWalletApplication - Starting UsdtWalletApplication using Java 24.0.1 with PID 37532 (C:\Users\Admin\Desktop\cripto-project\UsdtWallet\target\classes started by Admin in C:\Users\Admin\Desktop\cripto-project\UsdtWallet)
2025-08-16 11:49:09 [restartedMain] DEBUG c.U.UsdtWallet.UsdtWalletApplication - Running with Spring Boot v3.5.4, Spring v6.2.9
2025-08-16 11:49:09 [restartedMain] INFO  c.U.UsdtWallet.UsdtWalletApplication - No active profile set, falling back to 1 default profile: "default"
2025-08-16 11:49:09 [restartedMain] INFO  o.s.b.d.e.DevToolsPropertyDefaultsPostProcessor - Devtools property defaults active! Set 'spring.devtools.add-properties' to 'false' to disable
2025-08-16 11:49:09 [restartedMain] INFO  o.s.b.d.e.DevToolsPropertyDefaultsPostProcessor - For additional web related logging consider setting the 'logging.level.web' property to 'DEBUG'
2025-08-16 11:49:09 [restartedMain] INFO  o.s.d.r.c.RepositoryConfigurationDelegate - Bootstrapping Spring Data JPA repositories in DEFAULT mode.
2025-08-16 11:49:09 [restartedMain] INFO  o.s.d.r.c.RepositoryConfigurationDelegate - Finished Spring Data repository scanning in 20 ms. Found 1 JPA repository interface.
2025-08-16 11:49:10 [restartedMain] INFO  o.s.b.w.e.tomcat.TomcatWebServer - Tomcat initialized with port 8080 (http)
2025-08-16 11:49:10 [restartedMain] INFO  o.a.catalina.core.StandardService - Starting service [Tomcat]
2025-08-16 11:49:10 [restartedMain] INFO  o.a.catalina.core.StandardEngine - Starting Servlet engine: [Apache Tomcat/10.1.43]
2025-08-16 11:49:10 [restartedMain] INFO  o.a.c.c.C.[Tomcat].[localhost].[/] - Initializing Spring embedded WebApplicationContext
2025-08-16 11:49:10 [restartedMain] INFO  o.s.b.w.s.c.ServletWebServerApplicationContext - Root WebApplicationContext: initialization completed in 914 ms
2025-08-16 11:49:10 [restartedMain] DEBUG c.U.U.s.JwtAuthenticationFilter - Filter 'jwtAuthenticationFilter' configured for use
2025-08-16 11:49:10 [restartedMain] INFO  o.h.jpa.internal.util.LogHelper - HHH000204: Processing PersistenceUnitInfo [name: default]
2025-08-16 11:49:10 [restartedMain] INFO  org.hibernate.Version - HHH000412: Hibernate ORM core version 6.6.22.Final
2025-08-16 11:49:10 [restartedMain] INFO  o.h.c.i.RegionFactoryInitiator - HHH000026: Second-level cache disabled
2025-08-16 11:49:10 [restartedMain] INFO  o.s.o.j.p.SpringPersistenceUnitInfo - No LoadTimeWeaver setup: ignoring JPA class transformer
2025-08-16 11:49:10 [restartedMain] INFO  com.zaxxer.hikari.HikariDataSource - HikariPool-1 - Starting...
2025-08-16 11:49:10 [restartedMain] INFO  com.zaxxer.hikari.pool.HikariPool - HikariPool-1 - Added connection org.postgresql.jdbc.PgConnection@7dff942b
2025-08-16 11:49:10 [restartedMain] INFO  com.zaxxer.hikari.HikariDataSource - HikariPool-1 - Start completed.
2025-08-16 11:49:10 [restartedMain] WARN  org.hibernate.orm.deprecation - HHH90000025: PostgreSQLDialect does not need to be specified explicitly using 'hibernate.dialect' (remove the property setting and it will be selected by default)
2025-08-16 11:49:10 [restartedMain] INFO  o.hibernate.orm.connections.pooling - HHH10001005: Database info:
	Database JDBC URL [Connecting through datasource 'HikariDataSource (HikariPool-1)']
	Database driver: undefined/unknown
	Database version: 14.18
	Autocommit mode: undefined/unknown
	Isolation level: undefined/unknown
	Minimum pool size: undefined/unknown
	Maximum pool size: undefined/unknown
2025-08-16 11:49:11 [restartedMain] INFO  o.h.e.t.j.p.i.JtaPlatformInitiator - HHH000489: No JTA platform available (set 'hibernate.transaction.jta.platform' to enable JTA platform integration)
2025-08-16 11:49:11 [restartedMain] INFO  o.s.o.j.LocalContainerEntityManagerFactoryBean - Initialized JPA EntityManagerFactory for persistence unit 'default'
2025-08-16 11:49:11 [restartedMain] INFO  o.s.s.c.a.a.c.InitializeUserDetailsBeanManagerConfigurer$InitializeUserDetailsManagerConfigurer - Global AuthenticationManager configured with UserDetailsService bean with name customUserDetailService
2025-08-16 11:49:11 [restartedMain] WARN  o.s.b.a.o.j.JpaBaseConfiguration$JpaWebConfiguration - spring.jpa.open-in-view is enabled by default. Therefore, database queries may be performed during view rendering. Explicitly configure spring.jpa.open-in-view to disable this warning
2025-08-16 11:49:11 [restartedMain] DEBUG o.s.s.web.DefaultSecurityFilterChain - Will secure any request with filters: DisableEncodeUrlFilter, WebAsyncManagerIntegrationFilter, SecurityContextHolderFilter, HeaderWriterFilter, CorsFilter, LogoutFilter, RequestCacheAwareFilter, SecurityContextHolderAwareRequestFilter, AnonymousAuthenticationFilter, ExceptionTranslationFilter, AuthorizationFilter
2025-08-16 11:49:12 [restartedMain] INFO  o.s.b.d.a.OptionalLiveReloadServer - LiveReload server is running on port 35729
2025-08-16 11:49:12 [restartedMain] INFO  o.s.b.w.e.tomcat.TomcatWebServer - Tomcat started on port 8080 (http) with context path '/'
2025-08-16 11:49:12 [restartedMain] INFO  c.U.UsdtWallet.UsdtWalletApplication - Started UsdtWalletApplication in 3.329 seconds (process running for 3.797)
2025-08-16 11:49:24 [http-nio-8080-exec-1] INFO  o.a.c.c.C.[Tomcat].[localhost].[/] - Initializing Spring DispatcherServlet 'dispatcherServlet'
2025-08-16 11:49:24 [http-nio-8080-exec-1] INFO  o.s.web.servlet.DispatcherServlet - Initializing Servlet 'dispatcherServlet'
2025-08-16 11:49:24 [http-nio-8080-exec-1] INFO  o.s.web.servlet.DispatcherServlet - Completed initialization in 1 ms
2025-08-16 11:49:24 [http-nio-8080-exec-1] DEBUG o.s.security.web.FilterChainProxy - Securing GET /v3/api-docs
2025-08-16 11:49:24 [http-nio-8080-exec-1] DEBUG o.s.security.web.FilterChainProxy - Secured GET /v3/api-docs
2025-08-16 11:49:24 [http-nio-8080-exec-2] DEBUG o.s.security.web.FilterChainProxy - Securing GET /.well-known/appspecific/com.chrome.devtools.json
2025-08-16 11:49:24 [http-nio-8080-exec-2] DEBUG o.s.s.w.a.AnonymousAuthenticationFilter - Set SecurityContextHolder to anonymous SecurityContext
2025-08-16 11:49:24 [http-nio-8080-exec-2] DEBUG o.s.s.w.s.HttpSessionRequestCache - Saved request http://localhost:8080/.well-known/appspecific/com.chrome.devtools.json?continue to session
2025-08-16 11:49:24 [http-nio-8080-exec-2] DEBUG o.s.s.w.a.Http403ForbiddenEntryPoint - Pre-authenticated entry point called. Rejecting access
2025-08-16 11:49:24 [http-nio-8080-exec-2] DEBUG o.s.security.web.FilterChainProxy - Securing GET /error
2025-08-16 11:49:24 [http-nio-8080-exec-2] DEBUG o.s.s.w.a.AnonymousAuthenticationFilter - Set SecurityContextHolder to anonymous SecurityContext
2025-08-16 11:49:24 [http-nio-8080-exec-2] DEBUG o.s.s.w.s.HttpSessionRequestCache - Saved request http://localhost:8080/error?continue to session
2025-08-16 11:49:24 [http-nio-8080-exec-2] DEBUG o.s.s.w.a.Http403ForbiddenEntryPoint - Pre-authenticated entry point called. Rejecting access
2025-08-16 11:49:24 [http-nio-8080-exec-9] DEBUG o.s.security.web.FilterChainProxy - Securing GET /favicon.ico
2025-08-16 11:49:24 [http-nio-8080-exec-9] DEBUG o.s.s.w.a.AnonymousAuthenticationFilter - Set SecurityContextHolder to anonymous SecurityContext
2025-08-16 11:49:24 [http-nio-8080-exec-9] DEBUG o.s.s.w.a.Http403ForbiddenEntryPoint - Pre-authenticated entry point called. Rejecting access
2025-08-16 11:49:24 [http-nio-8080-exec-9] DEBUG o.s.security.web.FilterChainProxy - Securing GET /error
2025-08-16 11:49:24 [http-nio-8080-exec-9] DEBUG o.s.s.w.a.AnonymousAuthenticationFilter - Set SecurityContextHolder to anonymous SecurityContext
2025-08-16 11:49:24 [http-nio-8080-exec-9] DEBUG o.s.s.w.s.HttpSessionRequestCache - Saved request http://localhost:8080/error?continue to session
2025-08-16 11:49:24 [http-nio-8080-exec-9] DEBUG o.s.s.w.a.Http403ForbiddenEntryPoint - Pre-authenticated entry point called. Rejecting access
2025-08-16 11:49:43 [http-nio-8080-exec-4] DEBUG o.s.security.web.FilterChainProxy - Securing GET /swagger-ui/index.html
2025-08-16 11:49:43 [http-nio-8080-exec-4] DEBUG o.s.security.web.FilterChainProxy - Secured GET /swagger-ui/index.html
2025-08-16 11:49:43 [http-nio-8080-exec-5] DEBUG o.s.security.web.FilterChainProxy - Securing GET /.well-known/appspecific/com.chrome.devtools.json
2025-08-16 11:49:43 [http-nio-8080-exec-5] DEBUG o.s.s.w.a.AnonymousAuthenticationFilter - Set SecurityContextHolder to anonymous SecurityContext
2025-08-16 11:49:43 [http-nio-8080-exec-5] DEBUG o.s.s.w.s.HttpSessionRequestCache - Saved request http://localhost:8080/.well-known/appspecific/com.chrome.devtools.json?continue to session
2025-08-16 11:49:43 [http-nio-8080-exec-5] DEBUG o.s.s.w.a.Http403ForbiddenEntryPoint - Pre-authenticated entry point called. Rejecting access
2025-08-16 11:49:43 [http-nio-8080-exec-5] DEBUG o.s.security.web.FilterChainProxy - Securing GET /error
2025-08-16 11:49:43 [http-nio-8080-exec-5] DEBUG o.s.s.w.a.AnonymousAuthenticationFilter - Set SecurityContextHolder to anonymous SecurityContext
2025-08-16 11:49:43 [http-nio-8080-exec-5] DEBUG o.s.s.w.s.HttpSessionRequestCache - Saved request http://localhost:8080/error?continue to session
2025-08-16 11:49:43 [http-nio-8080-exec-5] DEBUG o.s.s.w.a.Http403ForbiddenEntryPoint - Pre-authenticated entry point called. Rejecting access
2025-08-16 11:49:43 [http-nio-8080-exec-6] DEBUG o.s.security.web.FilterChainProxy - Securing GET /favicon.ico
2025-08-16 11:49:43 [http-nio-8080-exec-6] DEBUG o.s.s.w.a.AnonymousAuthenticationFilter - Set SecurityContextHolder to anonymous SecurityContext
2025-08-16 11:49:43 [http-nio-8080-exec-6] DEBUG o.s.s.w.a.Http403ForbiddenEntryPoint - Pre-authenticated entry point called. Rejecting access
2025-08-16 11:49:43 [http-nio-8080-exec-6] DEBUG o.s.security.web.FilterChainProxy - Securing GET /error
2025-08-16 11:49:43 [http-nio-8080-exec-6] DEBUG o.s.s.w.a.AnonymousAuthenticationFilter - Set SecurityContextHolder to anonymous SecurityContext
2025-08-16 11:49:43 [http-nio-8080-exec-6] DEBUG o.s.s.w.s.HttpSessionRequestCache - Saved request http://localhost:8080/error?continue to session
2025-08-16 11:49:43 [http-nio-8080-exec-6] DEBUG o.s.s.w.a.Http403ForbiddenEntryPoint - Pre-authenticated entry point called. Rejecting access
2025-08-16 11:50:05 [http-nio-8080-exec-7] DEBUG o.s.security.web.FilterChainProxy - Securing GET /swagger-ui/index.html
2025-08-16 11:50:05 [http-nio-8080-exec-7] DEBUG o.s.security.web.FilterChainProxy - Secured GET /swagger-ui/index.html
2025-08-16 11:50:05 [http-nio-8080-exec-8] DEBUG o.s.security.web.FilterChainProxy - Securing GET /favicon.ico
2025-08-16 11:50:05 [http-nio-8080-exec-8] DEBUG o.s.s.w.a.AnonymousAuthenticationFilter - Set SecurityContextHolder to anonymous SecurityContext
2025-08-16 11:50:05 [http-nio-8080-exec-8] DEBUG o.s.s.w.a.Http403ForbiddenEntryPoint - Pre-authenticated entry point called. Rejecting access
2025-08-16 11:50:05 [http-nio-8080-exec-8] DEBUG o.s.security.web.FilterChainProxy - Securing GET /error
2025-08-16 11:50:05 [http-nio-8080-exec-8] DEBUG o.s.s.w.a.AnonymousAuthenticationFilter - Set SecurityContextHolder to anonymous SecurityContext
2025-08-16 11:50:05 [http-nio-8080-exec-8] DEBUG o.s.s.w.s.HttpSessionRequestCache - Saved request http://localhost:8080/error?continue to session
2025-08-16 11:50:05 [http-nio-8080-exec-8] DEBUG o.s.s.w.a.Http403ForbiddenEntryPoint - Pre-authenticated entry point called. Rejecting access
2025-08-16 11:50:08 [SpringApplicationShutdownHook] INFO  o.s.b.w.e.tomcat.GracefulShutdown - Commencing graceful shutdown. Waiting for active requests to complete
2025-08-16 11:50:08 [tomcat-shutdown] INFO  o.s.b.w.e.tomcat.GracefulShutdown - Graceful shutdown complete
2025-08-16 11:50:08 [SpringApplicationShutdownHook] INFO  o.s.o.j.LocalContainerEntityManagerFactoryBean - Closing JPA EntityManagerFactory for persistence unit 'default'
2025-08-16 11:50:08 [SpringApplicationShutdownHook] INFO  com.zaxxer.hikari.HikariDataSource - HikariPool-1 - Shutdown initiated...
2025-08-16 11:50:08 [SpringApplicationShutdownHook] INFO  com.zaxxer.hikari.HikariDataSource - HikariPool-1 - Shutdown completed.
